Jeux,Description,Sortie,Test,Avis
God of War sur PS4,"Dans ce nouvel épisode de God Of War, le héros évoluera dans un monde aux inspirations nordiques, très forestier et montagneux. Dans ce beat-them-all, un enfant accompagnera le héros principal, pouvant apprendre des actions du joueur, et même gagner de l'expérience.",20 avril 2018,20/20,17.7/20
The Legend of Zelda : Breath of the Wild,"The Legend of Zelda : Breath of the Wild est un jeu d'action/aventure. Link se réveille d'un sommeil de 100 ans dans un royaume d'Hyrule dévasté. Il lui faudra percer les mystères du passé et vaincre Ganon, le fléau. L'aventure prend place dans un gigantesque monde ouvert et accorde ainsi une part importante à l'exploration. Le titre a été pensé pour que le joueur puisse aller où il veut dès le début, s'éloignant de la linéarité habituelle de la série.",3 mars 2017,20/20,17.5/20
The Legend of Zelda : The Wind Waker sur NGC,"Dans The Legend of Zelda : The Wind Waker, vous incarnez Link dans sa quête pour sauver sa sœur. Découvrez Hyrule sous les flots dans ce jeu d'aventure en style cartoon, et naviguez au dos du Lion Rouge en vous orientant grâce à la Baguette du Vent pour explorer toutes les îles de ce vaste océan et dévoiler les secrets et les donjons qu'elles renferment.",3 mai 2003,20/20,18.9/20
Silent Hill,"Silent Hill est un survival horror à télécharger sur PS3 via le Playstation Store. Il s'agit de la toute première version de Silent Hill sorti sur Playstation. Vous êtes Harry Mason et venez d'arriver dans la petite ville à bord de votre 4x4 avec votre fille Cheryl. En pleine nuit, un accident met fin au voyage. Cheryl a disparu et un étrange brouillard recouvre Silent Hill, une ville complètement infestée de créatures décharnées et avides de chair fraîche.",1er août 1999,19/20,18.6/20
Panzer Dragoon Saga sur Saturn,Panzer Dragoon Saga est un jeu de rôle en 3D sur Saturn. Vous êtes dans la peau du jeune Edge et vous devez avec l'aide d'un dragon combattre le méchant Empire qui a assassiné votre peuple. Tout ce remue-ménage fait suite à une étrange découverte archéologique...,Juin 1998,19/20,18.8/20
Kingpin : Life of Crime sur PC,"Kingpin : Life of Crime est un jeu de tir à la première personne sorti sur PC. Vous allez incarner un des pires gangsters que la terre ait jamais porté. Rejeté par le grand chef de la pègre locale et laissé pour mort dans les bas-fonds, vous avez décidé de devenir caïd à la place du caïd et de créer votre propre gang. Avec une moralité aussi petite que votre cerveau, vous devrez bastonner, torturer, trahir et tuer pour vous faire respecter.",Août 1999,19/20,17.5/20
ISS Pro Evolution sur PS1,"ISS Pro Evolution est un jeu de football sur Playstation. Si les licences de joueurs sont aux abonnés absents, les équipes nationales sont bien là ainsi que 10 stades fidèlement représentés. Il est possible de modifier les options météo et l'efficacité de l'intelligence artificielle, sans oublier les 9 angles de caméras différents. Jusqu'à quatre joueurs peuvent s'affronter simultanément.",25 février 2000,19/20,18.4/20
Batman Arkham City,"Batman Arkham City est un jeu d'aventure/action dans lequel Batman doit de nouveau affronter son ennemi juré, le Joker, dans un Arkham toujours plus sombre et vaste. De nombreuses quêtes annexes permettent d'explorer la ville en détails.",20 octobre 2011,19/20,18.6/20
Super Metroid,"Retrouvez la chasseuse de primes intergalactique Samus Aran dans Super Metroid sur Console Virtuelle. De nouvelles aventures l'attendent suite au vol du dernier Métroïde, la voilà repartie sur la planète Zèbes avec un tout nouvel arsenal incluant le rayon grappin et la vision à rayon X. Utilisez votre laser, des missiles et des bombes pour venir à bout des boss dans ce jeu d'action en 2D.",28 juillet 1994,19/20,19.4/20
Umineko no Naku Koro ni : Shinjitsu to Gensô no Symphony,Umineko no Naku Koro ni est un visual novel. Le joueur incarne le jeune Battler Ushiromiya qui assiste à une série de meurtres brutaux et incompréhensible. Son objectif sera alors de les résoudre pour savoir s'ils ont été commis par un être humain ou une entité surnaturelle.,8 juillet 2016,19/20,18.6/20
Baldur's Gate II : Shadows of Amn,"Baldur's Gate II : Enhanced Edition est un remake de Baldur's Gate II : Shadows of Amn et de son extension, Baldur's Gate II : Throne of Bhaal. Ce jeu de rôle reprend le principe de son aîné (Baldur's Gate) et propose la création d'un personnage parmi diverses classes, caractéristiques et compétences.",3 novembre 2000,19/20,18.4/20
Alien Soldier,"Dans Alien Soldier sur Console Virtuelle, vous incarnez un soldat extraterrestre génétiquement modifié décidant de rompre avec l'organisation qui l'employait jusqu'alors. Affrontez donc vos anciens alliés dans ce jeu d'action à défilement horizontal et servez-vous des six armes à votre disposition pour remonter jusqu'au boss et l'anéantir.",1995,19/20,18.2/20
Splinter Cell,"Splinter Cell est un jeu d'infiltration sur PC. Vous êtes Sam Fisher, le meilleur agent d'une entité secrète de la National Security Agency et accessoirement le dernier recours de votre gouvernement dans sa lutte contre le terrorisme. Infiltrez-vous dans des univers d'ombre et de lumière et forcez l'ennemi à coopérer ou utilisez-le comme bouclier humain. Vos armes et vos équipements sont issus de la plus haute technologie.",28 novembre 2002,19/20,18.6/20
The Witcher 3 : Wild Hunt,"The Witcher 3 : Wild Hunt est un Action-RPG se déroulant dans un monde ouvert. Troisième épisode de la série du même nom, inspirée des livres du polonais Andrzej Sapkowski, cet opus relate la fin de l'histoire de Geralt de Riv.",19 mai 2015,19/20,18.3/20
Rayman Origins,"Rayman Origins est un célèbre jeu de plates-formes. On retrouve un monde à l'ancienne avec un gameplay en 2D effectuant un retour aux sources de la série. Rayman part ici en quête des Electoons et des Lums à travers une soixantaine de niveaux où variété, difficulté et secrets sont au rendez-vous.",24 novembre 2011,19/20,17.1/20
Super Mario Bros. 2,"Super Mario Bros. 2 sur Console Virtuelle Wii U marque un tournant dans la série de ce mythique jeu de plates-formes puisqu'il introduit la possibilité de choisir son personnage. Incarnez ainsi le célèbre tandem de plombiers moustachus, la princesse Peach ou bien son compagnon Toad dans une aventure magique. Vous devez sauver les habitants du monde des rêves des griffes de l'ignoble Wart, le tyran batracien.",1988,19/20,19/20
The Legend of Zelda : A Link to the Past,"Dans the Legend of Zelda : A Link to the Past, le joueur dirige Link dans sa quête pour sauver Hyrule. Dans ce jeu d'action/aventure en 2D, il est possible de basculer du monde des ténèbres à celui de la lumière pour sauver la princesse Zelda du sorcier Agahnim et trouver les nombreux objets nécessaires à l'accomplissement de la quête.",24 septembre 1992,19/20,18.1/20
Vagrant Story,"Vagrant Story est un jeu de rôle sur Playstation 3. Vous incarnez Ashley Riot, agent secret pour le compte des forces royales, et allez tenter de lever le voile sur de terribles secrets que recèle la cité maudite de Léa Mundis. Vous devez ruser, apprendre à maîtriser l'art de la magie et faire montre de vos talents de combattant pour réussir à venir à bout des dangers qui vous guettent.",21 juin 2000,19/20,18.3/20
Gears of War 2 sur 360,"Dans Gears of War 2 sur Xbox 360, vous retrouvez une vieille connaissance, Marcus Fenix ainsi que l'équipe Delta face aux Locustes, dans un combat sanglant et intense. Il vous faudra avancer seul ou en équipe pour suivre le déroulement du scénario qui est une suite directe du premier volet.",7 novembre 2008,19/20,17.8/20
Prince of Persia : Les Sables du Temps,"Prince of Persia : Les Sables du Temps est un jeu de plates-formes/aventure sur PC. Vous incarnez à nouveau le jeune prince qui commet l'erreur d'ouvrir un sablier maléfique condamnant immédiatement les âmes des habitants du palais. Le diabolique Vizir est encore une fois derrière tout ça, et c'est en arpentant le palais secondé par Farah que le joueur devra mettre un terme à la malédiction.",13 novembre 2003,19/20,
Driver,"Driver sur PC est un jeu de voiture dans lequel vous incarnez Tanner, un flic infiltré dans la mafia. Vous avez la réputation d'être un chauffeur qui n'a pas froid aux yeux et pour réaliser l'arrestation du siècle, vous devez remonter jusqu'aux grands pontes en exécutant les missions qu'on vous confie. Ces dernières se déroulent exclusivement au volant de votre véhicule, d'où le nom du jeu.",30 juin 1999,19/20,17.7/20
The Last of Us Remastered sur PS4,The Last of Us Remastered est un survival action sur PS4 qui raconte l'histoire de Joel et d'Ellie qui vont devoir s'entraider pour survivre face à une mystérieuse peste qui a décimé les Etats-Unis. La nature commence à s'approprier les villes abandonnées et les quelques survivants s'entre-tuent pour récupérer le peu de nourriture et d'armes encore présentes. Cette version améliorée du jeu propose l'aventure de base et le DLC Left Behind.,30 juillet 2014,19/20,18.4/20
The Secret of Monkey Island,"The Secret of Monkey Island nous entraîne dans une grande aventure en compagnie de l'apprenti pirate Guybrush Threepwood. Au fil d'une histoire remplie d'humour et de situations cocasses, Guybrush devra notamment faire ses preuves dans un combat d'insultes avant de tenter de percer le mystère de la fameuse Ile aux Singes.",1990,19/20,18.4/20
God of War III sur PS3,"Beat'em all prenant place dans un univers mythologique, God of War III vous permet d'incarner Kratos. A l'aide des Titans, vivez l'apothéose de la vengeance sanglante et brutale de Kratos envers les dieux de l'Olympe.",17 mars 2010,19/20,18.7/20
Inside,Inside est un jeu d'aventure et d'exploration où le joueur incarne un petit garçon qui doit s'en sortir dans une société étrange et autoritaire. Le joueur alterne entre les phases de plate-forme et d'énigmes.,29 juin 2016,19/20,17/20
The Legend of Zelda : Twilight Princess,"The legend of Zelda : Twilight Princess est un jeu d'aventure se déroulant dans le monde d'Hyrule. La dimension des ombres menace d'envahir le royaume et le héros, Link, changé en loup, devra affronter mille dangers pour sauver les enfants de son village et le monde en compagnie de l'énigmatique et sarcastique Midona.",8 décembre 2006,19/20,18.7/20
Bioshock,"Jeu de tir à la première personne (FPS), Bioshock vous entraîne dans les profondeurs de l'océan atlantique pour explorer les ruines d'une gigantesque cité sous-marine ravagée par la folie de ses créateurs. Perdu au cœur de cette dystopie mâtinée d'abomination scientifique, le joueur devra lutter à l'aide de plasmides (sortes de modules qui modifient l'ADN afin d'acquérir de puissants pouvoirs) contre des habitants qui ont depuis longtemps renié leur humanité.",31 août 2007,19/20,19/20
Gears of War 3 sur 360,"Gears of War 3 est un jeu d'action sur Xbox 360. Marcus, Dom, Cole, Baird et Anya sont de retour pour lutter contre les Locustes et les Lambents. Le jeu permet de conduire un nouveau type de véhicule, le Silverback, et profite d'un arsenal encore plus complet que ses prédécesseurs. Plusieurs modes multijoueur sont présents, vous permettant d'affronter d'autres joueurs dans des team deathmatch à 5 contre 5 ou encore de coopérer pour lutter contre des vagues d'ennemis.",20 septembre 2011,19/20,18.3/20
SoulCalibur II,"SoulCalibur II est un jeu de combat sur Gamecube. Mesurez-vous à une pléiade d'adversaires en duels armés dans des décors sublimes et tentez d'aller jusqu'au bout pour détruire l'épée maléfique. 13 personnages sont disponibles, ainsi qu'un personnage bonus propre à chaque console (Heihachi sur PS2, Link sur GC et Spawn sur Xbox). Divers modes de jeu sont disponibles, tels que Combat en équipe, Arcade, Contre la montre, Combat VS et Maître d'armes.",24 septembre 2003,19/20,18.4/20
Phoenix HD sur iOS,,29 juillet 2011,19/20,18.7/20
Sega Ages : Sonic the Hedgehog 2,Sonic the Hedgehog 2 reprend la recette qui a fait le succès du précédent volet et ajoute la possibilité d'utiliser un deltaplane dans certaines phases de jeu. Collectez les anneaux pour gagner des vies supplémentaires et libérez les animaux condamnés à la robotisation.,29 octobre 1992,19/20,18.7/20
L'Arche du Capitaine Blood,"L'Arche du Capitaine Blood sur PC est un jeu d'aventure dans lequel vous incarnez le capitaine Blood, programmateur de jeux, qui se retrouve prisonnier dans une de ses créations. Vous devez retrouver vos 5 clones et les absorber avant qu'il ne soit trop tard afin de pouvoir réintégrer le monde réel.",1988,19/20,18.6/20
Super Mario Bros.,"Super Mario Bros. est un jeu de plates-formes mettant en scène le célèbre plombier à moustache. Traversez de nombreux niveaux, sautez sur vos ennemis pour les éliminer, ramassez des champignons et des fleurs pour débloquer de nouvelles techniques. Affrontez le méchant Bowser et ses sbires afin de délivrer la délicieuse princesse Peach.",15 mai 1987,19/20,18.7/20
Bayonetta 2,"Suite du premier opus du même nom, Bayonetta 2 est un jeu de combat et d'action dans lequel le joueur incarne une puissante et séduisante sorcière. Le jeu propose diverses situations de combat toutes plus rocambolesques les unes que les autres, ainsi que des coups de grâces spectaculaires.",24 octobre 2014,19/20,17.9/20
Uncharted 2 : Among Thieves Edition Remastérisée,"Le chasseur de trésors Nathan Drake fait son retour dans Uncharted 2 : Among Thieves, un jeu mêlant aventure, action et tir à la troisième personne. Le héros se retrouve embarqué dans une expédition à la recherche de la légendaire vallée de Shambhala, dans l'Himalaya. Il est accompagné d'un grand criminel de guerre qui ne semble pas seulement chercher les trésors.",14 octobre 2009,19/20,16.3/20
Sonic CD,Sonic CD est un jeu de plates-formes sur PC. Il s'agit toujours de traverser les niveaux à toute vitesse en ramassant un maximum d'anneaux mais des adversaires de plus en plus coriaces viendront se frotter à notre héros.,1993,19/20,17.4/20
Myst,"Myst sur PC est un jeu d'aventure à la première personne dans lequel le joueur se retrouve plongé dans un monde qu'il ne connaît pas. En voyageant dans plusieurs environnements, il faudra découvrir peu à peu comment fonctionne ce monde et surtout pourquoi deux frères se sont vus enfermés dans des livres prisons. L'étrange monde de Myst n'attend que vous.",1993,19/20,17.3/20
Hexen II,"Hexen II est un FPS/jeu de rôle sur PC dans lequel votre but est d'éliminer Eidolon, le dernier et plus puissant des trois Chevaucheurs de Serpents venus de l'espace pour détruire votre monde. Vous pourrez choisir entre plusieurs classes (paladin, assassin, nécromancien etc.) pour traverser les 4 contrées de Thyrion.",11 septembre 1997,19/20,
Xenoblade Chronicles X sur WiiU,"Xenoblade Chronicles X est un jeu de rôle et d'aventure pour WiiU. Dans ce gigantesque monde ouvert et fantastique, les joueurs peuvent se déplacer et se battre à bord de robots volants de forme humanoïde.",4 décembre 2015,19/20,
Rock Band 3,"Rock Band 3 est un jeu de rythme sur Playstation 3. Avec plus de 80 nouveaux morceaux, le titre propose un nouveau clavier de deux octaves afin d'ouvrir des perspectives inédites de rythme. Avec la possibilité de joindre une batterie, micro et guitare, devenez un groupe à part entière avec vos amis.",29 octobre 2010,19/20,
SoulCalibur III sur PS2,"SoulCalibur III sur PS2 est un jeu de combat se déroulant dans des arènes en 3D. Les combattants sont tous dotés d'une arme blanche spécifique. Le jeu propose de nombreux modes : une histoire aux multiples embranchements pour chaque personnage, un éditeur de combattant, et un mode Chroniques de l'épée mêlant stratégie et combat dans lequel vous dirigez une petite équipe.",23 novembre 2005,19/20,17.9/20
Uncharted 4 : A Thief's End sur PS4,"Quatrième opus de la série de jeu d'action/aventure à succès de Naughty Dog, Uncharted 4 A Thief's End vous permet d'incarner Nathan Drake pour la première fois sur PS4. Le célèbre explorateur devra révéler le complot qui se cache derrière un légendaire trésor de pirates.",10 mai 2016,19/20,18.3/20
SoulCalibur,"SoulCalibur sur iPhone/iPod est un jeu de combat axé sur des affrontements à mains nues ou à l'arme blanche. La plupart des arènes permettent de propulser l'adversaire en dehors de celles-ci, l'esquive y joue donc un rôle primordial. A cela s'ajoute un très grand nombre de prises et de mouvements possibles pour chaque personnage.",1er décembre 1999,19/20,18.7/20
Legacy of Kain : Soul Reaver,"Soul Reaver sur PC est un jeu d'action et d'aventure dans lequel vous incarnez Raziel, autrefois vampire au service de Kain, puis déchu car possédant le potentiel pour prendre la place de son maître. Vous devez l'aider à accomplir sa vengeance en débarrassant les niveaux du jeu de tout suceur de sang qui croisera votre route.",Août 1999,19/20,17.8/20
Day of the Tentacle : Special Edition,"Day of the Tentacle : Special Edition est un jeu d'aventure sur PC faisant suite à Maniac Mansion. On y retrouve d'ailleurs le personnage de Bernard qui, accompagné par deux amis Hoogie et Laverne, devra sauver l'humanité de l'emprise des tentacules créés par le Dr Fred. Humour, anachronismes et voyages dans le temps sont au programme du jeu aux graphismes cartoon.",22 mars 2016,19/20,18.5/20
The Legend of Zelda : The Wind Waker HD sur WiiU,"The Legend of Zelda : The Wind Waker HD sur Wii U est le remake du jeu éponyme sorti sur GameCube. Cette version propose une refonte graphique en HD avec un affichage en 1080p, des couleurs et des effets de lumière retravaillés. L'ergonomie est optimisée grâce aux fonctions offertes par le GamePad et des modifications ont été introduites pour corriger les baisses de rythme du jeu original. Il est également possible de jeter des bouteilles à la mer pour communiquer avec les autres joueurs.",4 octobre 2013,19/20,17.8/20
Castlevania III : Dracula's Curse,"Castlevania III : Dracula's Curse est un jeu d'action / plates-formes sur Console Virtuelle Wii U divisé en plusieurs niveaux avec ennemis et pièges à volonté. Vous contrôlez Trevor Belmont, légendaire chasseur de vampires, armé du célèbre fouet Vampire Killer et de diverses attaques secondaires. Le jeu comporte 15 niveaux pour autant de boss.",10 décembre 1992,19/20,18.3/20
Day of the Tentacle,"Day of the Tentacle est un jeu d'aventure sur PC faisant suite à Maniac Mansion. On y retrouve d'ailleurs le personnage de Bernard qui, accompagné par deux amis Hoogie et Laverne, devra sauver l'humanité de l'emprise des tentacules créés par le Dr Fred. Humour, anachronismes et voyages dans le temps sont au programme du jeu aux graphismes cartoon.",1993,19/20,19.2/20
Wing Commander,"Wing Commander est un jeu de combat spatial qui place le joueur au coeur d'un conflit mettant aux prises les hommes et les Kilrathis, créatures mi-humaines, mi-félines. Le joueur incarne un jeune pilote, tout juste sorti de l'académie, intégré dans la campagne Vega. Il existe différents types de vaisseaux, chacun possédant ses propres caractéristiques. Les missions se déroulent sous les ordres du Wingman, vaisseau allié qu'il est indispensable de préserver des attaques ennemies.",1990,19/20,18.5/20
The Legend of Zelda : Majora's Mask,"The Legend of Zelda : Majora's Mask est la suite d'Ocarina of Time. Link arrive dans le monde de Termina après une rencontre mouvementé avec Skull Kid, un étrange garçon possédant le dangereux masque de Majora. Dans ce jeu d'action/aventure en 3D, le joueur a trois jours pour sauver le monde de la lune qui menace de s'abattre et récupérer ce qui lui a été volé...",17 novembre 2000,19/20,17/20
F1 World Grand Prix,"F1 World Grand Prix est une simulation de courses de Formule 1 sur PC. Le jeu se base sur le championnat de 1998 et inclut les pilotes et écuries officiels. Les modes classiques Championship, Time Trial et Single Race sont présents. Le Match Race vous permet de vous mesurer à des adversaires via Internet.",7 juillet 1999,19/20,18.8/20
Metal Gear Solid 3 : Snake Eater,"Metal Gear Solid 3 : Snake Eater est un jeu d'infiltration se passant avant les précédents épisodes. Pendant la guerre froide, Naked Snake doit s'infiltrer sur le territoire russe pour y récupérer un scientifique. Il devra utiliser toutes ses armes et ses gadgets pour parcourir les différentes zones, de la jungle au complexe militaire.",3 mars 2005,19/20,18/20
Metal Slug,"Metal Slug est un jeu d'action sur PS3. Vous incarnez Marco Rossi et Tarma Roving, membres des Peregrine Falcons, en mission pour libérer de nombreux prisonniers. Face à vous, une horde d'ennemis qui veulent votre peau, et que vous devez donc annihiler, grâce notamment aux armes et véhicules que vous pouvez trouver en chemin.",1997,19/20,16.6/20
Ecco the Dolphin,"Ecco the Dolphin sur PC est un jeu d'action qui a l'originalité de mettre le joueur aux commandes d'un dauphin. L'histoire débute lorsque Ecco assiste impuissant à la disparition de tout l'écosystème, emporté par une mystérieuse tempête. 25 niveaux durant, explorez les abîmes et résolvez de nombreuses énigmes afin de ramener le calme au sein de la crique.",1992,19/20,18/20
Hand of Fate sur PC,"Hand of Fate est un jeu d'aventure qui constitue le deuxième volet de la trilogie des Legend of Kyrandia. Vous incarnez Zanthia, une jeune sorcière. Le monde de Kyrandia est en train de couler et c'est à vous que revient la lourde tâche de le sauver. Le jeu se présente sous la forme d'un jeu d'aventure classique, avec une succession d'écrans où le joueur peut interagir avec quelques éléments du décor.",1993,19/20,18.4/20
Half-Life : Counter-Strike sur PC,"Créé à partir du célèbre moteur de Half-Life, Counter-Strike sur PC est un jeu de tir à la première personne se jouant exclusivement en ligne. Le jeu, qui compte une grande communauté, vous permet de choisir votre camp entre les terroristes et les contre-terroristes. Plusieurs objectifs différents en fonction du camp adopté et de la carte choisie doivent être menés à bien afin de remporter la partie. Vous disposez également d'un large choix d'armes existantes afin de renforcer l'immersion.",11 décembre 2000,19/20,18.7/20
Riven : La Suite de Myst,"Riven : La Suite de Myst est un jeu de réflexion/aventure sur PC. Vous êtes convoqué par Atrus qui a besoin de vous pour libérer sa femme Catherine. L'intuition, la réflexion et la résolution d'énigmes sont vos seules armes pour parvenir à votre but dans le monde sublime de Riven !",1997,19/20,17.5/20
Sonic & Knuckles,"Sonic & Knuckles est un jeu de plates-formes sur PC. Il faut à nouveau arrêter le Dr. Robotnik qui souhaite s'emparer du Master Emerald, le plus puissant des Chaos Emerald, pour construire une arme destructrice. Vous pouvez incarner Sonic ou Knuckles et il faudra ramasser un maximum d'anneaux en dévalant les huit zones du jeu à toute vitesse.",1994,19/20,18.5/20
Bioshock Infinite,"Troisième épisode de la série Bioshock, Bioshock Infinite est un jeu d'aventure dont l'action se passe en 1912, dans la cité flottante de Colombia. Le joueur accompagne Booker DeWitt, un détective chargé de retrouver une jeune femme disparue, prisonnière de la ville.",26 mars 2013,19/20,
Okami HD sur PS3,"Okami HD est un jeu d'aventure et d'action sur PS3. Le titre dispose d'un aspect graphique très particulier et vous propose d'incarner la déesse Amaterasu réincarnée en un magnifique loup blanc, dans une quête pour redonner de la vie et de la couleur dans votre monde, terrorisé par de nombreux ennemis qui font régner les ténèbres. Battez-vous au moyen d'un pinceau, véritable prolongement du personnage qu'on incarne, et utilisez-le également pour avancer dans l'histoire.",31 octobre 2012,19/20,
Super Mario 64,"Super Mario 64 sur Wii U est un jeu de plates-formes 3D mettant en scène le plombier. Explorez et découvrez les secrets du château de Peach, trouvez les 120 étoiles et battez Bowser une nouvelle fois. Profitez aussi d'une nouvelle panoplie de mouvements pour le plombier à moustache.",1er mars 1997,19/20,18.9/20
Mystic Quest sur GB,"Mystic Quest est un spin-off de la saga Final Fantasy orienté action-RPG et développé sur Gameboy. Il est le premier de la série Seiken Densetsu et sera rebaptisé aux Etats-Unis Final Fantasy Adventure. Il raconte l'aventure d'un jeune héros, esclave de l'empire Glaive, qui va s'échapper pour tenter de retrouver la trace des chevaliers Gemme afin de protéger l'arbre mana.",1993,19/20,18.6/20
Shadow of the Colossus,"Jeu d'action et d'aventure, Shadow of the Colossus vous plonge dans un monde empreint de poésie dans lequel vous incarnez un jeune héros, Wanda, accompagné de son fidèle destrier Argo à la recherche d'un pouvoir mystique. Ce pouvoir est gardé par 16 colosses qui peuplent le monde, il vous faut les trouver pour réveiller l'être aimée. Parcourez un monde sans frontière pour poursuivre votre but et laissez-vous porter dans un univers onirique.",17 février 2006,19/20,18.1/20
The Walking Dead : Saison 1,"Inspiré de la bande-dessinée du même nom, The Walking Dead : Saison 1 est un jeu d'aventure dont l'action se déroule dans un monde où les gens se transforment en zombies suite à une infection inconnue. Le joueur y incarne Lee, un prisonnier rescapé qui prendra sous son aile la jeune Clémentine pour l'aider à retrouver ses parents.",25 avril 2012,19/20,18.2/20
The Legend of Zelda : Ocarina of Time,"Dans The Legend of Zelda : Ocarina of Time, vous incarnez Link, un jeune Kokiri devant partir à l'aventure dans le monde menacé d'Hyrule. Au cours de son aventure, pour la première fois en 3D, il devra s'aider de divers objets, et particulièrement de l'ocarina, pour voyager dans le temps et l'espace, et ainsi vaincre Ganondorf.",11 décembre 1998,19/20,19.3/20
Super Mario Galaxy,"Super Mario Galaxy est un jeu de plates-formes sur la Wii U de Nintendo. C'est dans l'espace et à la découverte de nombreuses galaxies que vous devez cette fois diriger Mario. A vous d'aider le célèbre plombier dans sa mission de collecte d'étoiles. Soixantaine d'entre elles suffisent pour finir le jeu, mais au total, ce sont plus de 120 étoiles qui vous attendent. Mario va trouver sur son chemin de nombreux bonus et champignons pour l'aider dans sa quête.",16 novembre 2007,19/20,18.3/20
Dead Space 2,"Dead Space 2 est un survival-horror qui fait suite au premier opus de la série. Isaac est en mission sur une station géante dévastée, The Sprawl, et doit de nouveau faire face aux Nécromorphes, avec un panel d'armes plus large et dans des environnements plus variés.",27 janvier 2011,19/20,18.1/20
Fallout,"Fallout est un jeu de rôle sur PC vous projetant dans un univers post-nucléaire. Après la Grande Guerre du XXIe siècle qui fut dévastatrice pour l'humanité, des hommes tentent de survivre dans les ruines de grandes villes. Vous incarnez un réfugié de l'Abri 13, l'un de ceux construits pour protéger quelques privilégiés. Le dirigeant de l'Abri 13 vous envoie chercher une puce de rechange pour la filtration de l'eau. Né dans l'abri, vous vous apprêtez à découvrir ce qu'il reste du monde extérieur.",30 septembre 1997,19/20,18.4/20
Xenoblade Chronicles,"Xenoblade Chronicles est un RPG japonais. Il relate la guerre entre les hommes et machines, provoquée par un affrontement entre les grands dieux Bionis et Mékonis. Immobilisés alors que leurs lames entraient en contact, leurs corps abritent désormais deux nations rivales : les Homz et les machines. Le héros, Shulk, est un jeune garçon qui hérite d'une arme surpuissante nommée Monado, capable de prédire l'avenir.",19 août 2011,19/20,18.7/20
Super Smash Bros. for Wii U sur WiiU,"Super Smash Bros. for Wii U est un jeu de combat en arènes dans lesquelles s’affrontent un grand nombre de personnages issus de l’univers de Nintendo, tels que Pikachu, Link, Mario, Samus, ou encore Donkey Kong. De nouveaux combattants arrivent également tels que Mega Man, la coach de Wii Fit, et même le villageois de Animal Crossing. De nombreux modes sont disponibles, et le mode multijoueur est bien évidemment toujours de la partie.",28 novembre 2014,19/20,17.4/20
Dune,"Dune sur PC est un jeu mêlant aventure, gestion et stratégie. L'histoire qui se déroule sur la planète Arrakis, est centrée sur un conflit entre deux maisons autour de l'extraction de l'épice, substance la plus précieuse de l'univers. Le scénario suit les aventures de Paul Atréides, qui met toutes ses compétences à l'oeuvre pour défendre les intérêts des siens. Tissez des relations avec les tribus locales, assurez l'extraction de l'épice et chassez les cruels Harkonnen.",1992,19/20,19.2/20
Final Fantasy VI,"Final Fantasy VI est un jeu de rôle japonais à l'univers sombre. Dans cet épisode, la technologie Magitek a pris le pas sur la magie, 1000 ans après une grande guerre, et l'Empire règne d'une main de fer sur le monde. Le héros, Lock, dirige un groupe de rebelles, les Returners, et essaye de se retourner contre cette super-puissance.",27 février 2002,19/20,18.7/20
Shadow Man,"Vous êtes Shadow Man et avez la capacité de passer du monde des vivants au monde des morts en un claquement de doigts. Dans ce jeu sur PC, vous devez empêcher des tueurs en série de plonger le monde dans le chaos. Vous disposez de pouvoirs vaudous afin de vous débarrasser de vos ennemis dans le monde des morts et d'armes à feu pour abattre ceux du monde des vivants.",Août 1999,19/20,17.8/20
Chrono Trigger,"Chrono Trigger est un jeu de rôle mettant en scène le jeune Chrono dans ses aventures à travers le temps. Ce dernier part à la suite de la princesse, absorbée par le passé lors de la fête du Millénaire, et rencontrera de nombreux autres personnages au cours de ses aventures et devra affronter mille dangers...",11 mars 1995,19/20,19/20
The Last of Us sur PS3,"The Last of Us est un jeu d'action et de survie dans laquelle le joueur incarne Joel et Ellie, obligés de voyager ensemble à travers les États-Unis. L'histoire se passe dans un monde ravagé par une maladie transformant les gens en zombies et ayant semé l'anarchie parmi les survivants il y a des années de cela. L'esquive et l'infiltration seront souvent de mise face à des ennemis en surnombre ou particulièrement puissants.",14 juin 2013,19/20,18.7/20
Arx Fatalis,"Arx Fatalis est un jeu de rôle médiéval fantastique à la première personne sur PC. L'humanité et toutes sortes de monstres vivent sous la surface, dans d'immenses souterrains. Pour survivre, le joueur doit faire cuire sa nourriture, récupérer de l'équipement, remplir des quêtes et apprendre des sortilèges. Ces derniers sont lancés en traçant des symboles runiques à l'écran.",26 septembre 2002,19/20,17.2/20
Ori and the Blind Forest,"Ori and the Blind Forest est un Metroidvania prenant place dans un univers enchanteur et poétique. Assez classique dans son approche du genre, vous devrez fouiller chaque niveau pour débloquer de nouveaux pouvoirs et capacités afin d'accéder aux zones suivantes.",11 mars 2015,19/20,18.8/20
Dynamite Headdy,"Dynamite Headdy à télécharger sur PC met en scène un jouet qui a la particularité de se battre avec sa tête amovible. Lancez-la sur vos adversaires pour vous en débarrasser dans ce jeu de plates-formes cartoonesque et défaites le maléfique Dark Demon qui tente de transformer les jouets de la ville en sbires à sa solde. Combattez également votre ennemi juré, l'ours Trouble Bruin et délivrez la ville du joug démoniaque.",1994,19/20,17.1/20
Dragon Quest : L'Odyssée du Roi Maudit,"Dragon Quest : L'Odyssée du Roi Maudit est un jeu de rôle dans lequel le joueur part à la recherche d'un remède pour le roi Trode, transformé en crapaud par une malédiction. Accompagné de ses compagnons, il devra parcourir le monde pour sauver le royaume pétrifié.",13 avril 2006,19/20,18.5/20
Resident Evil 4,"Faisant virer la série vers le jeu d'action, Resident Evil 4 est un survival-horror dans lequel le joueur incarne Leon S. Kennedy. Ce dernier est à la recherche d'Ashley, la fille du président des USA, qui est détenue par des terroristes aux plans peu louables. L'action se déroule dans un petit village espagnol reculé, alors que la population semble se comporter de façon étrange et particulièrement agressive...",18 mars 2005,19/20,18.7/20
Super Mario Galaxy 2,"Jeu de plates-formes, Super Mario Galaxy 2 réintroduit Mario dans une nouvelle aventure qui prend place confins de l'espace. Mario défie à nouveau la loi de la gravité pour partir explorer une myriade de planètes inédites. Yoshi fait également son grand retour dans cet épisode qui renferme par moins de 240 étoiles à dénicher, le challenge ayant été revu à la hausse pour séduire les inconditionnels de la série.",11 juin 2010,19/20,18.4/20
Ether One,"Ether One est un jeu d'aventure psychologique. Le joueur y découvre une histoire présentant de multiples possibilités suivant la voie qu'il décidera de prendre. La frontière entre réalité et fiction, ainsi que le thème de la folie sont au centre de cette aventure particulière.",25 mars 2014,19/20,11.1/20
Donkey Kong Country,"Dans Donkey Kong Country, vous incarnez le célèbre gorille de Nintendo. Le King K. Rool a volé les bananes de Donkey qui décide alors de partir à sa recherche pour les récupérer. Deux personnages sont jouables, Donkey est plus grand et plus fort, alors que Diddy est plus rapide. Il est possible de jouer à deux, soit chacun son tour, soit en équipe. Des animaux vous aideront à franchir certains niveaux et à vaincre les Kremlings.",1994,19/20,18.6/20
Monkey Island 2 : LeChuck's Revenge,"Tout fier d'avoir vaincu le pirate fantôme LeChuck, Guybrush Threepwood repart à l'assaut d'une aventure pleine de rebondissements pour tenter de trouver le fabuleux trésor de Big Whoop. Mais son ennemi refait surface et lui met de nouveaux bâtons dans les roues.",1991,19/20,19.4/20
Metroid Prime sur NGC,"Metroid Prime est un jeu d'action en vue à la première personne qui vous met dans la peau de la célèbre chasseuse de primes, Samus. Une matière inconnue du nom de Phazon s'écrase sur la planète Tallon IV et y détruit la faune et la flore. Des pirates de l'espace tentent de contrôler le Phazon, Samus essaie de les en empêcher.",21 mars 2003,19/20,18.6/20
Tales of Symphonia,"Dans Tales of Symphonia, le joueur suit une équipe de huit personnages, Lloyd Irving en tête, dans leur quête pour sauver le monde. Ce jeu de rôle est jouable en combat jusqu'à quatre et propose une longue histoire et un vaste univers à explorer, ainsi que de nombreuses quêtes annexes.",19 novembre 2004,19/20,19/20
Dishonored,"Dishonored est un jeu d'infiltration et d'action dans lequel le joueur incarne Corvo, un ancien garde du corps. Celui-ci est mis en prison, accusé du meurtre de l'impératrice qu'il protégeait, et doit utiliser tous ses talents pour dévoiler le complot monté contre lui.",9 octobre 2012,19/20,17.2/20
Metal Gear Solid 2 : Sons of Liberty sur PS2,"MGS2 : Sons of Liberty est un jeu d'infiltration/action sorti sur PS2. Dans cet opus le joueur incarne Snake puis Raiden dans une lutte contre la prolifération du Metal Gear. Equipé de divers armes et gadgets, il doit s'infiltrer pour arriver au but, mais libre à lui d'utiliser la manière forte. S'enchaînent alors phases d'infiltration, d'action, de boss. Le scénario dense comte de nombreuses cinématiques pour un jeu très proche du 7ème art.",8 mars 2002,19/20,17.8/20
Metal Gear Solid 3 Subsistence sur PS2,"MGS3 Subsistance est une version étendue du titre original Snake Eater. Tenant sur trois DVDs, le jeu propose un nouveau système de caméra libre, un mode de jeu online, une réédition des épisodes sortis sur MSX et un film de plus de 3 heures retraçant l'ensemble du scénario. Divers autres bonus sont aussi présents pour cette réédition d'un des plus grands classiques de la PS2.",5 octobre 2006,19/20,19.4/20
Diablo,Diablo sur PC est un hack'n slash dans lequel vous incarnez un personnage à choisir parmi trois classes. Votre but est d'explorer les souterrains d'un château en exterminant les monstres qui s'y trouvent afin d'accumuler de l'expérience et des objets pour devenir de plus en plus fort. Avancez et débusquez le mal au fond de sa tanière : éliminez Diablo pour récupérer la pierre d'âme et ainsi contenir le fléau qui ronge le monde.,30 novembre 1996,19/20,17.9/20
Conker's Bad Fur Day sur N64,"Conker's Bad Fur Day sur Nintendo 64 est un jeu de plates-formes mettant en scène un écureuil avec une gueule de bois du tonnerre qui va tenter de rentrer chez lui après une soirée agitée. Evoluez dans un univers caricatural où se mêlent violence, obscénités et parodies.",30 mai 2001,19/20,18.8/20
Bayonetta,"Bayonetta est un Beat'em all mettant en scène la puissante et magnifique sorcière du même nom. Celle-ci doit combattre de nombreux ennemis, souvent colossaux, envoyés par le ciel dans des mises en scène particulièrement impressionnantes.",8 janvier 2010,19/20,18/20
Baten Kaitos sur NGC,Baten Kaitos est un jeu de rôle sur Gamecube où vous dirigez un groupe de héros dont le destin est de sauver le monde. Nous sommes à une époque où la Terre et l'Océan ne sont plus que des légendes. De vastes îles lévitant très haut dans le Ciel ont pris la place des continents. Les créatures seront nombreuses sur votre route mais vous pourrez les battre en vous frayant un chemin grâce à un système de combat original et novateur basé sur des cartes.,1er avril 2005,19/20,18.2/20
Steins : Gate,"Steins : Gate est un roman virtuel sur PC. Au Japon, une bande d'amis résidant dans le quartier branché d'Akihabara a trouvé le moyen de communiquer avec le passé grâce à leur téléphone portable. Mais dans le même temps, la SERN, une société diabolique, est en train de chercher un moyen de voyager dans le passé. Cette organisation va alors prendre en chasse les jeunes étudiants afin de s'approprier leur secret.",23 juin 2011,19/20,17.7/20
Minecraft,"Jeu bac à sable indépendant et pixelisé dont le monde infini est généré aléatoirement, Minecraft permet au joueur de récolter divers matériaux, d'élever des animaux et de modifier le terrain selon ses choix, en solo ou en multi (via des serveurs). Il doit également survivre en se procurant de la nourriture et en se protégeant des monstres qui apparaissent la nuit et dans des donjons. Il peut également monter de niveau afin d'acheter des enchantements.",18 novembre 2011,19/20,18.5/20
Quake III Arena,"Quake III Arena sur PC est un jeu de tir à la première personne orienté multijoueur. Un arsenal varié et complet est à votre disposition pour organiser une joyeuse boucherie seul ou par équipe. Les modes classiques du genre sont tous là (Capture The Flag, Possession, Deathmatch...).",15 décembre 1999,19/20,17.2/20
Quake II,"Quake II est un jeu de tir sur PC. En tant que Marine, votre mission est de lancer une contre-attaque sur la planète Stroggos, afin d'enrailler la menace Strogg. Votre principal objectif sera de détruire un canon orbital afin de permettre un bombardement terrestre massif. Bienvenue dans l'enfer poisseux et terrifiant de Stroggos.",1997,19/20,17.3/20
Super Mario World 2 : Yoshi's Island sur SNES,"Super Mario World 2 : Yoshi's Island sur Super Nintendo nous fait découvrir l'origine des frères Mario et Luigi. Alors qu'une cigogne amène les deux bébés à leurs parents, le sorcier Kamek la heurte afin de l'empêcher d'arriver à destination car il a prédit que Mario et Luigi poseraient problème à son maître Bowser dans le futur. Kamek arrive à kidnapper Luigi mais Mario échoue sur l'île des Yoshis. Ces derniers s'organisent pour que Mario retrouve son frère.",6 octobre 1995,19/20,18.8/20
Tetris,Tetris sur PC est le célèbre puzzle-game dans lequel vous devez empiler des briques afin de constituer des lignes qui s'effaceront au fur et à mesure de votre progression. La difficulté augmente au fil de votre avancée.,1987,19/20,18.7/20
Panzer Dragoon II Zwei sur Saturn,Panzer Dragoon II Zwei est un jeu de tir sur Saturn. Chevauchez un bébé dragon qui grandira tout au long des parcours que vous choisirez. Evoluez dans des univers 3D et accédez à des boss gigantesques.,1996,19/20,17/20
Outcast sur PC,"Outcast est un jeu d'action / aventure. L'existence des mondes parallèles a été découverte, mais une expérience ratée avec une sonde a engendré un contrecoup énergétique dans notre monde, qui menace d'engloutir toute la planète en quelques jours. Vous avez donc été choisi pour aller récupérer la sonde dans l'autre monde.",Juin 1999,19/20,18.7/20
Sega Rally Championship,"Sega Rally Championship sur PC est un jeu de courses/rallye. Lui-aussi adapté de sa version arcade (comme beaucoup d'autres titres de la série), le soft propose des courses nerveuses avec deux bolides différents (plus deux à déverrouiller) et demande une maîtrise du dérapage pour terminer en tête, particulièrement dans un duel en ligne.",26 janvier 1996,19/20,17.2/20
Portal 2,"Portal 2, suite du premier opus du même nom, est un jeu de réflexion en vue FPS. Shell, l’héroïne, doit une fois de plus essayer de s'échapper du complexe d'Aperture Science en utilisant le Portal Gun, sorte de pistolet permettant de créer des portails. GlaDOS est de retour, mais on découvre aussi de nouveaux personnages comme Weathley. Un mode deux joueurs est également disponible.",19 avril 2011,19/20,18.9/20
Okami,"Okami est un jeu d'aventure et d'action. Le titre dispose d'un aspect graphique très particulier, et vous propose d'incarner la déesse Amaterasu réincarnée en un magnifique loup blanc, dans une quête pour redonner de la vie et de la couleur dans votre monde, terrorisé par de nombreux ennemis qui font régner les ténèbres. Battez-vous au moyen d'un pinceau, véritable prolongement du personnage qu'on incarne, et utilisez-le également pour avancer dans l'histoire.",8 février 2007,19/20,19/20
The Walking Dead : Episode 5 - No Time Left,"The Walking Dead : Episode 5 - No Time Left pour PC est le cinquième épisode du jeu vidéo, inspiré du comic du même nom. On y retrouve Lee dans la ville de Savannah, ce dernier partant à la rescousse de Clémentine qui a été capturée...",21 novembre 2012,19/20,18.1/20
Super Mario Bros. 3,"Retrouvez le célèbre plombier à moustaches et salopette dans Super Mario Bros. 3. Bondissez de part en part pour sauver le Royaume Champignon et mettez à profit les nouvelles capacités de Mario : volez grâce au costume de raton laveur, nagez avec celui de la grenouille, crachez des boules de feu avec la fleur et rendez-vous invincible aveccelui du tanuki ! Parcourez huit mondes gigantesques, seul ou à deux, en coopération ou en affrontement, et retrouvez Bowser pour lui faire payer son énième forfait.",29 août 1991,19/20,18.8/20
Rayman 2 : The Great Escape,"Rayman 2 : The Great Escape sur PC est un classique du jeu de plates-formes en 3D. Vous incarnez le célèbre personnage sans bras, ni cou, ni jambes, sorti de l'imagination de Michel Ancel. Armé de vos poings, vous devez débarrasser le monde des robots-pirates. Le jeu est d'une grande richesse et regorge de surprises.",22 octobre 1999,19/20,18.4/20
The Legend of Zelda,"The Legend of Zelda sur Wii vous présente la première aventure du jeune Link. Débutez votre périple dans le fantastique monde d'Hyrule. A l'aide de votre épée, de votre bouclier et de votre intelligence, retrouvez les huit fragments de la Triforce et sauvez la princesse Zelda.",15 novembre 1987,19/20,17.9/20
EverQuest : The Ruins of Kunark sur PC,"The Ruins of Kunark est la première extension du jeu de rôle massivement multijoueur Everquest, sur PC. Autrefois puissant, l'empire des hommes-lézards est sur le déclin. Leurs villes tombent en ruine et sont désormais habitées par des monstres exotiques. Le continent de Kunark est alors envahi par des elfes qui cherchent à l'exploiter.",27 avril 2000,19/20,16.9/20
Final Fantasy XII sur PS2,"Jeu de rôle, Final Fantasy XII est le douzième volet de la série. Il se différencie de ses prédécesseurs à travers une nouvelle approche des combats plus dynamique, vous permettant d'être plus libre de vos mouvements. Parcourez le vaste monde du titre pour découvrir une histoire riche en rebondissements et en magie.",22 février 2007,19/20,17.2/20
Metroid,"Découvrez les premières aventures de Samus Aran, chasseuse de primes intergalactique, dans Metroid sur Wii U. Engoncée dans votre armure, combattez des aliens dans ce jeu d'action se déroulant sur un plan horizontal. Transformez-vous à tout moment en boule morphing pour traverser des passages étroits. Infiltrez le complexe ennemi et détruisez leur leader : Mother Brain.",15 janvier 1988,19/20,18.5/20
Dead or Alive 2,"Plastique généreuse des combattantes, technicité, intensité des affrontements. Voici ce qui caractérise Dead or Alive 2 sur Dreamcast, jeu de baston faisant office de figure de proue du genre. Une douzaine de personnages, de nombreux modes de jeu ainsi qu'une douzaine d'arènes sont au programme de cet épisode.",14 juillet 2000,19/20,17/20
Divinity : Original Sin - Enhanced Edition,"Jeu de rôle au tour par tour, Divinity : Original Sin se passe 8 millénaires après les événements de Divinity : Dragon Commander. Prenant place dans un univers heroïc-fantasy et s'inspirant des mécaniques des premiers jeux de rôle tels que Donjons et Dragons, le jeu comprend un mode multijoueur en écran splitté. La version Enhanced rendant le jeu disponible sur consoles apportera des nouveautés en termes de contenu et de scénario.",27 octobre 2015,19/20,17.2/20
Dishonored 2,"Suite du primé Dishonored, un jeu à la première personne à la croisée des genres action et infiltration se déroulant dans un univers steampunk uchronique. Pouvoirs, assassinats, complots sont au programme.",11 novembre 2016,19/20,17.2/20
Dark Souls III,"Développé par From Software, Dark Souls 3 est un action RPG particulièrement exigeant. L'environnement, très peu accueillant, ravira les amateurs de challenges corsés. Vous y combattrez de gigantesques ennemis, qui ne feront qu'une bouchée de vous.",12 avril 2016,19/20,17.5/20
Unravel,"Entre plates-formes et réflexion, Unravel vous embarque dans un univers nordique réaliste aux commandes de Yarny. Haut comme trois pommes, ce petit personnage doit utiliser ses propriétés laineuses pour explorer un environnement aux mille dangers, en évitant notamment l'eau, le froid et les animaux sauvages.",9 février 2016,19/20,17.1/20
NieR Automata,"Nier Automata est un jeu d'action de type RPG jouable en solo. Le titre amène le joueur dans un futur lointain où la Terre a été envahie par des formes extra-terrestres armées de ""bio-machines"". Après s'être réfugiée sur la lune, l'humanité envoie sur leur planète natale des androïdes capable de lutter avec les extra-terrestres et reconquérir la planète.",10 mars 2017,19/20,17.5/20
GemCraft : Chasing Shadows sur PC,"Le dernier né de la saga GemCraft, une série unique de jeux de Tower Defense sur PC où, au lieu de tours, vous utilisez des gemmes en tant qu'armes pour combattre des hordes incessantes de monstres redoutables.",30 avril 2015,19/20,11.1/20
Dishonored : Definitive Edition,"Dishonored : Definitive Edition est la version remasterisé de Dishonored, jeu d'infiltration et d'action dans lequel le joueur incarne Corvo, un ancien garde du corps. La Definitive Edition comprend aussi tous les DLC de Dishonored.",25 août 2015,19/20,16.2/20
Divinity : Original Sin II - Definitive Edition,Divinity : Original Sin II est un RPG où vous choisissez votre race et et votre background. Le monde réagit en fonction de vos choix. Rassemblez votre équipe et affrontez vos adversaires avec différents éléments de combat tactique au tour par tour. Explorez un vaste monde seul ou avec 4 joueurs en coopératif.,14 septembre 2017,19/20,17.6/20
Fire Emblem Fates : Revelation sur 3DS,"Fire Emblem Fates : Revelation est un DLC pour les deux versions de Fire Emblem Fates. Il propose un troisième scénario bonus qui permet d'interagir avec les deux camps de l'histoire, proposant encore un troisième point de vue sur celle-ci.",9 juin 2016,19/20,18/20
The Witcher 3 : Wild Hunt - Blood and Wine,"Dans The Witcher 3 : Wild Hunt - Blood and Wine sur PC, entrez dans la peau de Geralt de Riv, tueur de monstres professionnel, et explorez Toussaint, une lointaine contrée épargnée par la guerre, où vous lèverez le voile sur le terrible secret derrière la bête terrorisant le duché. Démêlez l'écheveau complexe des pistes au cœur d'un mystère que seul un sorceleur pourra élucider, tout en survivant au mal tapi à la faveur de la nuit.",31 mai 2016,19/20,19.2/20
Forza Horizon 3,"Jeu de course en monde ouvert, Forza Horizon 3 vous donne accès à des centaines de véhicules. Le joueur pourra arpenter à toute vitesse les paysages d'Australie. De très nombreuses épreuves sont au programme et les pilotes du monde entier peuvent s'affronter dans les mêmes conditions que dans le mode solo. Le jeu est en Xbox Play Anywhere, ce qui signifie qu'une même clé est activable sur Windows 10 comme sur Xbox One.",27 septembre 2016,19/20,17.4/20
Super Mario Odyssey sur Switch,"Super Mario Odyssey est un jeu de plate-forme où la princesse Peach a été enlevée par Bowser. Pour la sauver, Mario quitte le royaume Champignon à bord de l'Odyssey. Accompagné de Chappy, son chapeau vivant, il doit parcourir différents royaumes et faire tout pour vaincre, une nouvelle fois, le terrible Bowser.",27 octobre 2017,19/20,17.6/20
Zero Escape : The Nonary Games,"Zero Escape: The Nonary Games est un jeu d'aventure jouable en solo. Enlevées puis amenées dans un lieu inconnu, neuf personnes se retrouvent forcées de participer à un jeu diabolique orchestré par l’énigmatique Zero. Pourquoi ? A qui faire confiance ?",24 mars 2017,19/20,16.4/20
Okami HD,"Okami est un jeu d'aventure et d'action sur PC. Le titre dispose d'un aspect graphique très particulier, et vous propose d'incarner la déesse Amaterasu réincarnée en un magnifique loup blanc, dans une quête pour redonner de la vie et de la couleur dans votre monde, terrorisé par de nombreux ennemis qui font régner les ténèbres. Battez-vous au moyen d'un pinceau, véritable prolongement du personnage qu'on incarne, et utilisez-le également pour avancer dans l'histoire.",12 décembre 2017,19/20,16/20
Monster Hunter World,"La dernière entrée de la série Monster Hunter. Plus complet que jamais, le jeu transporte le joueur au travers de batailles contre de terribles monstres et de magnifiques paysages. Récupérerez des objets sur vos ennemis, créez de nouveaux équipements et armures, explorez tous les territoires disponibles. Saurez vous devenir le chasseur ultime ?",26 janvier 2018,18/20,16.9/20
Octopath Traveler sur Switch,"Octopath Traveller est un RPG développé par Square Enix en HD-2D. Vous pourrez choisir votre personnage parmi 8 présents, chacun ayant ses propres capacités, mais aussi ses propres objectifs, offrant une histoire différente.",13 juillet 2018,18/20,14.5/20
Dragon Ball FighterZ,Dragon Ball FighterZ est un jeu de combat 2D développé par Arc System Works et édité par Bandai Namco. Cette nouvelle adaptation de la franchise Dragon Ball met en scène les personnages iconiques de la série dans des affrontements explosifs en 3 versus 3.,26 janvier 2018,18/20,16.7/20
Dead Cells,"Dead Cells est un jeu d'action-aventure de type plate-forme avec des éléments de rogue-like. Le joueur doit explorer un château et résister à des hordes de zombies et de monstres. Pour ce faire, vous pouvez utiliser votre fouet et différentes armes en plus de la magie.",7 août 2018,18/20,16.6/20
Two Point Hospital sur PC,"Two Point Hospital est un jeu de gestion et de simulation dans la lignée de Theme Hospital. Concevez votre hôpital, que vous pouvez intégralement personnaliser. Vous pourrez y guérir vos patients, gérer vos employés, faire grandir votre organisation et même collaborer ou rivaliser avec vos amis.",30 août 2018,18/20,17.8/20
The Messenger,The Messenger est un jeu de plateforme en pixel art mettant le joueur dans la peau d'un jeune ninja chargé de délivrer un parchemin vital à la survie de son clan. Il devra pour cela s'aventurer dans un monde maudit peuplé de créatures démoniaques.,30 août 2018,18/20,15.7/20
Yakuza Kiwami 2 sur PS4,"Yakuza Kiwami 2 est une version remastérisée de Yakuza 2, un jeu d'action et d'aventure à la troisième personne et en monde ouvert. L'histoire commence alors que Yukio Terada, le cinquième président du Clan Tojo, vient d'être assassiné. Alors que la guerre se dessine à l'horizon, le Dragon de Dojima, Kazuma Kiryu n'a d'autre choix que de replonger dans un monde auquel il a tourné le dos.",28 août 2018,18/20,15.4/20
Pillars of Eternity 2 : Deadfire,"Pillars of Eternity 2 : Deadfire est un RPG développé par Obsidian Entertainment. Suite de Pillars of Eternity, vous y poursuivez un dieu sur terre comme sur mer. Pour cela vous disposez d'un navire pour voguer à travers les vastes régions de l'archipel inexploré de Deadfire.",8 mai 2018,18/20,18.3/20
Yakuza 6 : The Song of Life,"Yakuza 6 sur PS4 est un jeu de type aventure en monde ouvert. Après les événements du 5e volet, on retrouve Kazuma, qui après avoir apprit qu'Haruka eu été gravement blessé, va tenter de l'aider et de trouver des réponses sur son agression. Pour cela, il va se rendre à Hiroshima, dernier endroit dans lequel s'est rendu la jeune fille. En plus de cela, des problèmes au sein du clan Tojo refont surface...",17 avril 2018,18/20,15.7/20
Celeste,"Celeste est un jeu développé par Matt Thorson, créateur de Towerfall Ascension. Il s'agit d'un platformer dans lequel il faut atteindre le sommet d'une montagne dans plus de 600 niveaux sur huit chapitres réservant de nombreux secrets.",25 janvier 2018,18/20,17.7/20
Moss,Moss est un jeu d'aventure en VR dans lequel vous devez dégager le passage devant la souris en utilisant les manettes à détection de mouvement de la réalité virtuelle. Vous devrez donc aider cette souris aventureuse à traverser les différents environnements.,28 février 2018,18/20,
Dragon's Crown Pro sur PS4,"Déjà sorti sur PS3 et Vita il y a plusieurs années, Dragon's Crown fait son grand retour. Cette version supportera la 4K, son OST entièrement réenregistrées avec un orchestre symphonique et offrira du crossplay entre les différentes versions.",15 mai 2018,18/20,
Killzone : Shadow Fall sur PS4,Killzone : Shadow Fall est un FPS dont l'histoire se déroule 30 ans après le dernier épisode. Le joueur y contrôle un shadow marshall devant préserver la paix fragile qui subsiste entre les Vektans et les Helghasts. Il a à sa disposition un drone pouvant le seconder en combat et qui lui offre de nombreuses opportunités tactiques sur le champ de bataille.,29 novembre 2013,18/20,
Castlevania : Order of Ecclesia sur DS,"Dracula refait surface alors que le clan Belmont a disparu. Dans Castlevania : Order of Ecclesia sur DS, le joueur incarne une mystérieuse héroïne, membre de l'ordre d'Ecclesia, qui part en quête des glyphes magiques qui lui permettront de défier le seigneur du mal.",27 novembre 2008,18/20,
Pro Evolution Soccer 4,"Pro Evolution Soccer 4 est un jeu de sport pour PC. Retrouvez toute l'ambiance des matches de foot sur votre PS2 en prenant le contrôle de l'équipe choisie. Plus de 3000 joueurs licenciés FIFPro, 57 équipes nationales et 80 clubs européens sont présents. Affrontez l'IA du jeu ou jouez avec vos amis à côté de vous pour des parties enflammées.",14 octobre 2004,18/20,18.3/20
Castlevania : Lords of Shadow 2,"Révélations est le premier DLC pour Castlevania : Lords of Shadow 2 sur PC. Le joueur peut y incarner Alucard, le fils maudit de Gabriel, qui doit se préparer au retour de son père au cours d’événements se déroulant avant le jeu de base.",25 mars 2014,18/20,16.5/20
Astérix,"Astérix sur Game Gear est un jeu de plates-formes inspiré de la célèbre bande dessinée d'Uderzo et Goscinny. Panoramix a été enlevé par les Romains. Astérix, Obélix et Idéfix partent donc le secourir au travers de sept niveaux où vous contrôlez tour à tour les deux compagnons, chacun possédant ses propres caractéristiques. Astérix est plus rapide alors qu'Obélix peut manipuler des objets.",1991,18/20,16.9/20
Star Wars : Dark Forces,"Star Wars : Dark Forces, FPS sur PC, met en scène le personnage de Kyle Katarn dans une aventure se déroulant peu avant l'Episode IV de Star Wars. Le joueur peut d'ailleurs participer au vol des schémas de la première Etoile Noire avant de déjouer les plans de l'Empire projetant la création de super soldats, les Dark Troopers. Le jeu est à l'origine de la série des Jedi Knight dont Kyle Katarn est également le héros.",1995,18/20,17.7/20
Life is Strange,"Jeu d'aventure dans lequel le joueur incarne l'étudiante en photographie Max Caufield, Life is Strange permet d'enquêter sur la disparition d'une adolescente. L'héroïne découvre en effet qu'elle a le pouvoir de remonter le temps, et va mettre son don à profit dans sa ville natale.",30 janvier 2015,18/20,19/20
Schizm sur PC,"Schizm est un jeu d'aventure et de réflexion sur PC. 2083, des sondes spatiales repèrent la planète Argilus. Un étrange monde à l'architecture magnifique mais désert, sans le moindre signe de vie. Aux commandes de votre vaisseau de ravitaillement, tous vos systèmes se dérèglent et vous vous écrasez sur la planète. Parcourez la planète à la recherche de votre copilote et résolvez le mystère entourant ce monde.",Novembre 2001,18/20,13.2/20
DeadCore,"Jeu de plates-formes et de réflexion, DeadCore vous permet d'incarner un androïde qui devra grimper le plus rapidement possible au sommet d’une tour gigantesque, bravant les dangers et déjouant les pièges et les nombreux systèmes de sécurité.",17 octobre 2014,18/20,16.5/20
Banjo-Kazooie,"Banjo-Kazooie sur Xbox Live Arcade est un jeu de plates-formes dans lequel vous dirigez un couple composé d'un ours brun et d'un drôle d'oiseau. L'accent est mis sur la coopération entre Banjo et son comparse Kazooie : le premier distribue les coups de poing, l'autre sort la tête de son sac pour donner des coups de bec, pour casser des oeufs, ou encore pour aider l'ours à effectuer un grand saut grâce à ses ailes.",1998,18/20,18.8/20
NaissanceE sur PC,"NaissanceE sur PC est un titre mélangeant exploration, plates-formes et puzzles, en vue subjective. Perdu dans un environnement monochrome, le joueur doit se débrouiller pour retrouver son chemin et parvenir à s'échapper de ce complexe aussi intrigant qu'oppressant.",13 février 2014,18/20,14.5/20
Final Fantasy IX,Dans ce neuvième opus de la série Final Fantasy IX le joueur bénéficie de graphismes améliorés et de cinématiques à couper le souffle. Parcourez le vaste monde du titre pour découvrir une histoire riche en rebondissements et en magie.,16 février 2001,18/20,19/20
Touhou Eiyashou : Imperishable Night sur PC,,15 août 2004,18/20,18.8/20
Actua Pool,Les meilleures tables de billard vous attendent sur DS avec Actua Pool. Préparez-vous à affronter seize adversaires dans les huit clubs les plus élitistes de la ville. Jouez au Jeu de la 8 et au Jeu de la 9 avec les règles officielles. Participez à plusieurs modes différents et mesurez-vous jusqu'à 4 en multi.,Février 1999,18/20,15.8/20
Chaos Rings,"Chaos Rings est un jeu de rôle japonais édité par Square Enix et disponible sur PS Vita. Invités de force par un mystérieux commanditaire, quatre couples de héros luttent pour leur survie en explorant des territoires hostiles et en s'affrontant dans une arène. Que font-ils là ? Qui les oblige à s'entre-tuer ? C'est ce que le joueur devra apprendre en combattant de nombreuses créatures au tour par tour et en résolvant divers puzzles.",20 avril 2010,18/20,16/20
FIFA 12,FIFA 12 est une simulation de football permettant au joueur de participer à des matchs et de former ses propres équipes. Le nouveau moteur de jeu permet des actions plus naturelles et des collisions améliorées. Les joueurs réagissent plus vite que dans les précédents opus grâce au nouveau système Intelligence pro.,29 septembre 2011,18/20,17.6/20
24 Heures du Mans,"24 Heures du Mans est un jeu de courses automobiles sur PC uniquement solo. Plusieurs modes de jeu sont disponibles : championnat, arcade et Le Mans (en temps réel !). Chacun est décliné en sous-catégories. Trois circuits officiels (Automobile Club de l'Ouest) sont disponibles dans quatre conditions climatiques différentes.",Novembre 1999,18/20,17.7/20
Mass Effect 3,"Mass Effect 3 est un RPG de style futuriste se déroulant dans l'espace. Le joueur doit y combattre les Cerberus, des pro-humain ainsi que les Moissonneurs. Les choix du joueur sont pris en compte dans son aventure et influencent l'issue de l'histoire ainsi que de la guerre.",8 mars 2012,18/20,18.1/20
Unreal,"Unreal est un jeu de tir à la première personne sur PC. Unreal est renommé pour ses graphismes révolutionnaires en 3D, son inventivité, son scénario captivant, et pour son arsenal original. Différentes armes toutes aussi puissantes les unes que les autres sont à ramasser pour combattre les envahisseurs de la planète Na-Pali.",30 mai 1998,18/20,18.7/20
Red Dead Redemption,"Red Dead Redemption est un jeu d'action en monde ouvert qui se déroule au début du XXème siècle. Pendant la révolution mexicaine, le joueur incarne John Marston, ex-hors-la-loi devant traquer ses anciens camarades l'ayant laissé pour mort. Il devra accomplir de nombreuses missions pour obtenir son indépendance.",21 mai 2010,18/20,18.3/20
Kingdom Hearts : Birth by Sleep sur PSP,"Jeu de rôle, Kingdom Hearts : Birth by Sleep relate des événements antérieurs aux autres épisodes de la série. Le joueur a accès à trois histoires différentes dans l'ordre qu'il souhaite, chacune étant basée sur un des trois héros du jeu : Terra, Ventus et Aqua. Leur style de combat évolue de façon dynamique selon les techniques utilisées, ces dernières pouvant être créées par un système de fusion très approfondi.",10 septembre 2010,18/20,18.5/20
Deus Ex,"Deus Ex sur PC mélange FPS et jeu de rôle en donnant une grande liberté d'action au joueur qui sera confronté à des problèmes moraux et philosophiques. L'action du jeu se déroule dans un univers cyberpunk secoué par des crises politiques et dans lequel sévit le fléau de la ""peste grise"".",22 septembre 2000,18/20,
Need for Speed : Porsche 2000,"Need for Speed : Porsche 2000 est un jeu de courses sur PC. Le soft met à votre disposition l'intégralité des bolides du constructeur, de 1950 à nos jours, et c'est énorme : 80 modèles au total ! Chaque modèle est recréé avec une fidélité jamais atteinte pour une simulation automobile, c'est proprement hallucinant !",24 mars 2000,18/20,17.3/20
God of War sur PS2,"God of War est un jeu d'action mythologique sur PS2. Incarnez Kratos, un anti-héros à la fois banni et honni par les dieux de la Grèce antique. Afin de sauver votre âme, obéissez aux ordres divins et partez combattre des créatures et monstres légendaires dans des combats d'une violence inouïe mais toujours magnifiquement orchestrés.",22 juin 2005,18/20,18.3/20
StarWing sur SNES,"StarWing, ou StarFox dans la version originale, est le premier jeu à apporter des graphismes en 3D sur Super Nintendo. Aux commandes des Arwing, les nouveaux vaisseaux de l'équipe Star Fox, vous devrez défendre le système planétaire Lylat contre les troupes de l'Empereur Andross. Vous êtes pour cela accompagné de trois autres vaisseaux de qui pourront vous venir en aide ou au contraire avoir besoin de votre secours. Une fois un ami éliminé, il le reste malheureusement pour toute la partie.",3 juin 1993,18/20,17.2/20
Darkest Dungeon,"Darkest Dungeon est un RPG au tour par tour dont l'intérêt repose sur le stress provoqué par l'inconnu. Le joueur devra y monter une équipe de héros et les mener dans des lieux toujours plus effrayants pour leur faire combattre des monstres, mais aussi leurs peurs.",19 janvier 2016,18/20,15.3/20
Theatrhythm Final Fantasy : Curtain Call sur 3DS,"Tiré de la série des Final Fantasy, Theathrhythm Final Fantasy : Curtain Call est le deuxième épisode d'un jeu mêlant défis rythmiques et composantes de jeux de rôle. Le joueur y constitue une équipe de quatre personnages parmi les 60 à débloquer, et les fait monter de niveau dans les trois types de morceaux : voyage, combat et cinématique. Il peut booster les capacités de ses personnages à l'aide de carte, et faire des duels contre l'IA ou d'autres joueurs en local ou en ligne.",16 septembre 2014,18/20,17.5/20
Pilotwings,"Pilotwings vous apprend à piloter votre console virtuelle Wii U. Aux commandes d'un avion ou d'un hélicoptère, vous apprendrez à piloter en suivant les missions, du décollage à l'atterrissage, en passant par le tir. Vous devrez également maîtriser le saut en parachute depuis votre avion en essayant d'atterrir sur une cible au sol.",21 janvier 1993,18/20,16.8/20
Sonic 3,Sonic 3 est un jeu de plates-formes sur Xbox Live Arcade. Sonic et Tails doivent stopper le Dr. Robotnik qui compte bien reconstruire son Oeuf de la Mort. Il faudra récupérer tous les Chaos Emeralds au cours des six zones du jeu (chacune étant trois fois plus vaste que celles de l'opus précédent). Il s'agit toujours de traverser les niveaux à toute vitesse en ramassant un maximum d'anneaux mais un adversaire plus coriace va venir se frotter à nos héros : Knuckles.,1994,18/20,18.5/20
Pillars of Eternity,Pillars of Eternity est un RPG solo dont l'histoire se passe dans un univers de fantasy. Le joueur y crée son avatar et peut ensuite recruter un maximum de 5 compagnons pour l'aider. Le système de combat est en temps réel et avec une pause active.,26 mars 2015,18/20,16.1/20
Empire : Total War,"Empire : Total War est un jeu de stratégie reprenant les bases de la série du même nom, mais adaptées au niveau de l'océan et des batailles navales. Il faudra, suivant une trame historique, vaincre les flottes ennemies et partir à l'abordage sur de nombreuses cartes variées.",4 mars 2009,18/20,16.8/20
Shogo : Mobile Armor Division,"Shogo : Mobile Armor Division est un jeu de tir à la première personne sur PC. Tout au long des nombreux niveaux de Shogo (environ une quarantaine), vous opérerez en extérieur, dans des bases spatiales ou dans des dédales de souterrains. Vous serez en permanence en liaison radio avec vos supérieurs qui vous diront étape après étape comment doit se dérouler votre mission.",1998,18/20,17.6/20
Gremlins 2 : The New Batch sur Nes,Gremlins 2 : The New Batch est un jeu de plates-formes/action sur Nes. Incarnez le célèbre Gizmo qui doit rejoindre le Centre de contrôle des Gremlins afin de tous les éliminer. Ce jeu se déroule en plusieurs tableaux dans lesquels il faut se frayer un passage en évitant et en affrontant les obstacles par le biais de bonus (un arc par exemple).,1991,18/20,17.1/20
Tearaway sur Vita,"Tearaway est un jeu de plates-formes sur PlayStation Vita. On y incarne Iota qui va devoir partir à l'aventure dans un monde de papier. Pour l'aider, le joueur utilise également les pavés tactiles avant et arrière de la console afin d'interagir avec les décors du jeu en les déchirant littéralement grâce à ses doigts.",22 novembre 2013,18/20,17.8/20
Professeur Layton et le Destin Perdu sur DS,"Troisième volet de la fameuse série, Professeur Layton : Le Destin Perdu sur DS vous amènera dans le Londres du futur. Après avoir été mystérieusement transporté, le professeur et Luke devront tenter de s'échapper pour éviter tout conflit temporel.",22 octobre 2010,18/20,18.3/20
Phantasy Star Online,"Phantasy Star Online sur PC est un jeu d'action multijoueur en ligne. L'ambiance du jeu mêle la science-fiction futuriste avec des accents d'heroïc-fantasy. Vous créez votre personnage en choisissant sa race, son métier, ses proportions et son équipement.",15 février 2001,18/20,17.6/20
Halo 2,"Halo 2 sur PC est un jeu de tir à la première personne qui plonge le joueur dans un univers de science-fiction. Enferrée dans une guerre presque perdue d'avance contre des extraterrestres, l'humanité ne compte plus que sur le Master Chief pour son salut. Au-delà de son mode solo dynamique, Halo 2 se distingue surtout par son multijoueur qu'il est possible de pratiquer en local ou sur le Live.",10 novembre 2004,18/20,18.3/20
Divinity : Original Sin,"Jeu de rôle au tour par tour, Divinity : Original Sin se passe 8 millénaires après les événements de Divinity : Dragon Commander. Prenant place dans un univers heroïc-fantasy et s'inspirant des mécaniques des premiers jeux de rôle tels que Donjons et Dragons, le jeu comprend un mode multijoueur.",30 juin 2014,18/20,16.8/20
MechWarrior 3 sur PC,"MechWarrior 3 est un jeu d'action sorti sur PC qui vous place aux commandes de robots géants de 10 mètres de haut et de plus de 100 tonnes. Ces mastodontes d'acier sont équipés d'armes sophistiquées (laser, roquettes, mitrailleuses...) et de possibilités de visée particulières (cadrage de cible, zoom).",Juin 1999,18/20,17.2/20
A Golden Wake,A Golden Wake est un jeu de Point'n Click rétro en 2D se déroulant dans les années 20. Le joueur y incarne Alfie dans sa quête pour la gloire en Californie qui le mêlera a des histoires mafieuses impliquant drogue et alcool...,9 octobre 2014,18/20,17.7/20
Super Mario Bros. Deluxe,"Super Mario Bros. Deluxe est un jeu de plates-formes sur console virtuelle 3DS. La princesse Toadstool a été enlevée par le terrible Bowser. A vous de la délivrer. Mais, pour cela, vous devez franchir moult pièges tendus par vos ennemis, et traverser de nombreux niveaux, de plates-formes en escaliers, de tuyaux et de falaises escarpées.",10 mai 1999,18/20,
Shadow Complex sur 360,"Shadow Complex est un jeu d'action. Vous y incarnez Jason Fleming, un jeune homme qui tombe par hasard sur un complexe militaire secret lors d'une randonnée. Le jeu propose un gameplay en 2D puisque vous ne pouvez déplacer votre personnage que sur un seul plan. Les environnements sont par contre modélisés en 3D et bénéficient d'ailleurs du moteur graphique Unreal Engine 3.",19 août 2009,18/20,
Little Big Adventure 2 sur PC,"Little Big Adventure 2 est un jeu d'aventure sur PC qui vous emmène sur la planète Twinsun pour incarner Twinsen, le héros du premier opus. Alors que votre femme vous demande d'aller chercher des médicaments pour soigner votre Dino-fly (un croisement entre un dragon et un dinosaure), vous assistez au débarquement d'extraterrestres, les Esmers, qui se disent pacifiques ! Mais la vérité est tout autre puisqu'ils préparent une invasion ! Twinsen repart alors à l'aventure pour les arrêter !",1997,18/20,19.2/20
La Légende de Thor,"Dans le jeu de rôle/action La Légende de Thor sur Console Virtuelle, incarnez le prince Ali, détenteur du bracelet d'or capable d'invoquer les esprits. Vous devez lutter contre le propriétaire du bracelet d'argent qui, lui, sème le chaos et la destruction. Parcourez les terres de votre royaume et apprenez à maîtriser les différents pouvoirs de votre bracelet pour renvoyer les créatures dans l'autre monde.",1995,18/20,17.1/20
Metal Gear Solid V : The Phantom Pain,"Metal Gear Solid V : The Phantom Pain nous permet de retrouver Big Boss qui va devoir séjourner quelque temps en Afghanistan et en Afrique pour mener à bien la nouvelle mission qui lui est confiée. Pour se faire, il pourra compter sur son ami de toujours, Revolver Ocelot.",1er septembre 2015,18/20,17.8/20
Le Sanglot des Cigales sur PC,"Dans le district de Shishibone, il existe un tout petit village reclus de tout : Hinamizawa. Cet endroit qui ne compte pas 2000 âmes est frappé chaque année. Le Sanglot des Cigales sur PC est un roman sonore d'enquête. C'est à vous, lecteur, de vous creuser les méninges. Vous pouvez abandonner et vous laisser porter par l'histoire. Vous pouvez aussi vous rebeller et tenter de résoudre l'énigme. Libre à vous de choisir la manière d'apprécier cette histoire.",Juin 2010,18/20,17.9/20
Donkey Kong Country Returns,"Donkey Kong Country Returns sur Wii U est un jeu de plates-formes fortement inspiré par le Donkey Kong Country sorti sur Super Nes. Incarnez Donkey et Diddy Kong alors qu'ils s'efforcent de remettre la patte sur leur stock de bananes dans une aventure proposant un gameplay à l'ancienne, tout en 2D.",3 décembre 2010,18/20,17.9/20
Silver,Silver sur PC est un jeu de rôle à dominante d'action dont le scénario catastrophe en interpellera plus d'un puisque toutes les femmes de votre royaume ont été enlevées. Il vous incombe le devoir de les retrouver pour retrouver un certain équilibre.,Avril 1999,18/20,18.4/20
The Chronicles of Riddick : Escape from Butcher Bay - Developer's Cut sur PC,"The Chronicles of Riddick : Escape from Butcher Bay - Developer's Cut est un jeu de tir à la première personne sur PC vous mettant dans la peau du héros éponyme incarné par Vin Diesel au cinéma. Les événements se déroulent entre les deux films, racontant la fuite du héros bourru et bourrin du pénitencier de Butcher Bay. Frayez-vous un passage derrière des gardes peu attentifs et abusez de votre vision nocturne pour vous sortir de cet enfer.",4 février 2005,18/20,17.4/20
Virtua Fighter 4 Evolution,"Virtua Fighter 4 Evolution est un jeu de combat sur PS3. Cette version spéciale du 4ème opus de la série connue pour être technique apporte de nombreux ajouts. Deux nouveaux personnages sont ainsi à accueillir avec Brad Burns, adepte du kickboxing, et Goh Hinogami. Un mode Quest est aussi présent où le joueur pourra gagner de l'argent afin de débloquer des accessoires.",20 juin 2003,18/20,16.4/20
Age of Mythology sur PC,Age of Mythology est un jeu de stratégie sorti sur PC. Incarnez une des 3 civilisations antiques possédant chacune des unités particulières. Appelez à la rescousse les dieux et usez de leurs divins pouvoirs pour réduire à néant vos adversaires.,20 novembre 2002,18/20,18.1/20
Phantasy Star IV : The End Of The Millennium,"Dans le jeu de rôle Phantasy Star IV sur Console Virtuelle, vous dirigez Chaz, un jeune mercenaire appartenant à la guilde d'Aiedo. Alors que Dark Force, une entité maléfique, ressurgit des ténèbres grâce au mage noir Zio, vous avez été choisi pour rassembler une équipe et mettre un terme à cette menace une bonne fois pour toutes. Votre route sera parsemée de nombreux combats à régler au tour par tour.",1994,18/20,18.8/20
Rayman,"Dans le monde de Rayman, la nature et les habitants vivent en paix et Le Grand Protoon maintient l'équilibre et l'harmonie de cet univers. Jusqu'au jour où l'horrible Mister Dark le dérobe, plongeant le monde dans le chaos et les ténèbres. Rayman devra trouver et délivrer tous les toons puis anéantir Mister Dark pour délivrer le Grand Protoon. Rayman est une des références du jeu de plates-formes.",30 octobre 1995,18/20,18.9/20
World of Goo,"Puzzle-game nouvelle génération, World of Goo sur PC vous invite à faire la connaissance des Goo Balls. Ces petites boules de goudron s'assemblent et vous permettent de réaliser différentes constructions ou structures improbables. Créez des tour, des ponts ou encore des échelles pour faire franchir les niveaux à vos Goos.",19 décembre 2008,18/20,18.5/20
Dungeon Keeper 2 sur PC,Dungeon Keeper 2 est un jeu de stratégie sorti sur PC. Lassé d'être un aventurier sauvant la veuve et l'orphelin ? Alors devenez propriétaire d'un donjon et piégez-le pour empêcher les héros de s'y aventurer. Vous pourrez même incarner les monstres que vous placerez.,Juillet 1999,18/20,18/20
Gunstar Heroes,"Gunstar Heroes est un subtil mélange de jeu de tir et de jeu de plates-formes. Vous incarnez seul ou à deux, les Gunstar Heroes, en charge d'empêcher le redoutable Colonel Red de libérer une créature immonde. Vous choisissez parmi quatre armes, qui peuvent être associées à d'autres. Vous avez aussi la possibilité de faire usage de vos poings et de balancer vos ennemis. Des boss colossaux seront à battre pour terminer le jeu.",1993,18/20,16.6/20
Darksiders,Darksiders est un jeu d'aventure et d'action ou le joueur incarne un des quatre cavaliers de L'Apocalypse arpentant la terre après la fin du monde. Le titre alterne des phases de combats colossales avec des phases d'exploration.,6 janvier 2010,18/20,17.6/20
Jet Set Radio,"Jet Set Radio sur PC est le portage du jeu du même nom sorti à l'origine sur Dreamcast. Doté d'un style graphique en cel shading, le jeu consiste à se balader, rollers aux pieds, dans Tokyo-to, en taguant votre marque par dessus celle des autres gangs. Vous êtes poursuivi par un commissaire de police qui usera de moyens de plus en plus impressionnants pour vous arrêter. Le tout se déroule sur fond de musique mixée par le déjanté Professeur K.",24 novembre 2000,18/20,18.9/20
Hatsune Miku : Project Diva F,,4 septembre 2013,18/20,18.4/20
Vanquish,"Vanquish sur PC est une version remaster du jeu de tir à la troisième personne, sorti en 2010 et vous plongeant dans un univers futuriste . La Russie a déclenché un nouveau conflit majeur et les forces américaines doivent reprendre une colonie spatiale qui est tombée sous le contrôle d'une horde de robots. Dans ce contexte, vous incarnez Sam Gideon, un agent de la DARPA doté d'une armure de combat capable de décupler les capacités humaines.",22 octobre 2010,18/20,17.2/20
Super Mario World,"Super Mario World sur Console Virtuelle Wii U vous fait incarner le plombier Mario, à la poursuite de Bowser qui a kidnappé pour la énième fois la princesse Peach. Exploitez de nouveaux objets tels que la plume permettant aux héros de planer pendant un court instant, et faites surtout connaissance avec le petit dinosaure vert Yoshi qui apparaît avec sa tribu pour la toute première fois dans la série.",1992,18/20,18.8/20
Wario Land 4,"Wario Land 4 est un jeu de plates-formes/action sur la console virtuelle Wii U. Vous incarnez Wario et partez en quête de la légendaire Pyramide d'Or. Choisissez votre niveau de difficulté, affrontez ennemis et boss peuplant les différentes zones et ramassez le plus de trésors possible.",16 novembre 2001,18/20,17.2/20
