Fournisseur,ID produit
Smead,FOU-ST-10000194
Ibico,FOU-CL-10002696
Bevis,MOB-TA-10000783
Samsung,PRO-TÉ-10000448
Motorola,PRO-TÉ-10002334
Sanford,FOU-AR-10000828
Ibico,FOU-CL-10001376
Eldon,FOU-ST-10003363
Okidata,PRO-MA-10002541
Advantus,MOB-ME-10001179
Rubvermaid,MOB-ME-10000071
Sanford,FOU-AR-10001654
Kleencut,FOU-FO-10003540
OIC,FOU-ÉL-10002794
BIC,FOU-AR-10001034
Harbour,FOU-ÉT-10003811
Ibico,FOU-CL-10003845
Chromcraft,MOB-TA-10002473
Nokia,PRO-TÉ-10003832
Avery,FOU-CL-10004601
Enermax,PRO-AC-10003527
Advantus,FOU-ÉL-10002075
Barricks,MOB-TA-10003856
Jiffy,FOU-EN-10000997
Elite,FOU-FO-10002096
Lesro,MOB-TA-10002105
Fiskars,FOU-FO-10002047
Smead,FOU-ÉT-10004819
Acme,FOU-FO-10004694
Smead,FOU-ST-10003644
StarTech,PRO-MA-10002126
Motorola,PRO-TÉ-10000249
Logitech,PRO-AC-10002916
Rubvermaid,MOB-ME-10003643
SAFCO,MOB-CH-10000874
Hewlett,PRO-PH-10001622
Apple,PRO-TÉ-10001423
Novimex,FOU-ÉT-10000097
Binney,FOU-AR-10004946
Hewlett,PRO-PH-10000203
Xerox,FOU-PA-10000729
Brother,PRO-PH-10003614
SanDisk,FOU-PA-10003946
Avery,FOU-ÉT-10001148
Fiskars,FOU-FO-10002691
Deflect-O,MOB-ME-10003803
Sanford,FOU-AR-10004349
Office,MOB-CH-10004363
Xerox,FOU-PA-10002582
Enermax,PRO-AC-10003850
Sharp,PRO-PH-10004429
Stockwell,FOU-ÉL-10003878
Fellowes,FOU-ST-10001990
Tenex,MOB-ME-10004303
Okidata,PRO-MA-10000256
Sanford,FOU-AR-10001585
SanDisk,FOU-PA-10000570
Stiletto,FOU-FO-10003488
Avery,FOU-CL-10003798
Xerox,FOU-PA-10004421
Advantus,FOU-ÉL-10000776
Harbour,FOU-ÉT-10002080
Advantus,MOB-ME-10000597
Bush,MOB-BI-10002995
Tenex,FOU-ST-10004525
Harbour,MOB-CH-10002029
Accos,FOU-ÉL-10000631
Hoover,FOU-ÉL-10003301
Acme,FOU-FO-10003642
Accos,FOU-ÉL-10004587
Rubvermaid,MOB-ME-10003001
Chromcraft,MOB-TA-10002231
Bush,MOB-BI-10001818
Ibico,FOU-CL-10003023
Motorola,PRO-TÉ-10000689
Eldon,MOB-ME-10000917
Nokia,PRO-TÉ-10001966
Cardinal,FOU-CL-10000776
Kleencut,FOU-FO-10000931
Advantus,FOU-ÉL-10001660
Kleencut,FOU-FO-10004728
Ikea,MOB-BI-10004707
Advantus,FOU-ÉL-10003295
Epson,PRO-MA-10001672
Ibico,FOU-CL-10004121
Sanford,FOU-AR-10003728
Stanley,FOU-AR-10004648
Memorex,PRO-AC-10001620
StarTech,PRO-MA-10002706
HP,PRO-PH-10004721
Elite,FOU-FO-10003825
Okidata,PRO-MA-10001583
Hon,FOU-ÉT-10003166
Bush,MOB-BI-10001989
Cardinal,FOU-CL-10000371
Brother,PRO-PH-10002576
SanDisk,PRO-AC-10002877
Tenex,MOB-ME-10002724
Green,FOU-PA-10002026
Elite,FOU-FO-10004855
Konica,PRO-MA-10001994
BIC,FOU-AR-10000913
Stockwell,FOU-ÉL-10004510
Belkin,PRO-AC-10003162
SanDisk,PRO-AC-10003907
BIC,FOU-AR-10000692
KitchenAid,FOU-ÉL-10004420
Memorex,PRO-AC-10003628
Advantus,FOU-ÉL-10002753
Rogers,FOU-ST-10002526
Fellowes,FOU-ST-10000947
Boston,FOU-AR-10001144
Nokia,PRO-TÉ-10004806
Smead,FOU-ST-10003595
Kleencut,FOU-FO-10003115
Tenex,MOB-ME-10003967
SAFCO,MOB-CH-10004808
Acco,FOU-CL-10003491
Belkin,PRO-AC-10000413
Hewlett,PRO-PH-10001375
Breville,FOU-ÉL-10004437
Fiskars,FOU-FO-10003156
Panasonic,PRO-MA-10002359
Safco,MOB-BI-10002017
Cisco,PRO-TÉ-10000826
Memorex,PRO-AC-10001235
Okidata,PRO-MA-10003940
Novimex,MOB-CH-10000453
Wilson,FOU-CL-10002766
Office,MOB-CH-10001047
Binney,FOU-AR-10001216
BIC,FOU-AR-10002251
Cisco,PRO-TÉ-10004973
Enermax,FOU-PA-10004399
Ikea,MOB-BI-10003259
Binney,FOU-AR-10002064
Sanford,FOU-AR-10000769
Memorex,PRO-AC-10001228
Deflect-O,MOB-ME-10002841
Jiffy,FOU-EN-10000029
Acco,FOU-CL-10003161
Enermax,PRO-AC-10004583
Sanford,FOU-AR-10001661
Cameo,FOU-EN-10001662
Avery,FOU-CL-10004542
Samsung,PRO-TÉ-10004935
Epson,PRO-MA-10002122
Hon,FOU-ÉT-10000911
Green,FOU-PA-10003250
Advantus,FOU-ÉL-10004359
Ames,FOU-EN-10002295
Hamilton,FOU-ÉL-10000275
Wilson,FOU-CL-10004244
Stanley,FOU-AR-10004545
Wilson,FOU-CL-10002513
Canon,PRO-PH-10001160
Bush,MOB-BI-10002871
Smead,FOU-ÉT-10004279
Harbour,MOB-CH-10003401
OIC,FOU-ÉL-10001438
Avery,FOU-ÉT-10003797
Belkin,PRO-AC-10004420
Okidata,PRO-MA-10002363
Cisco,PRO-TÉ-10001413
Eldon,MOB-ME-10000147
Harbour,MOB-CH-10000845
Eaton,FOU-PA-10003666
Avery,FOU-ÉT-10004221
Acco,FOU-CL-10004378
Samsung,PRO-TÉ-10004804
Smead,FOU-ÉT-10004686
GlobeWeis,FOU-EN-10001845
Cameo,FOU-EN-10004964
Canon,PRO-PH-10000444
BIC,FOU-AR-10002783
Samsung,PRO-TÉ-10003100
Sauder,MOB-BI-10003160
Smead,FOU-ST-10003672
Motorola,PRO-TÉ-10004596
Sauder,MOB-BI-10001011
Bevis,MOB-TA-10001354
Advantus,MOB-ME-10003327
Rubvermaid,MOB-ME-10003468
Acco,FOU-CL-10001898
Barricks,MOB-TA-10004800
OIC,FOU-ÉL-10001217
Eldon,FOU-ST-10004207
Acme,FOU-FO-10002919
Cisco,PRO-TÉ-10004400
Stanley,FOU-AR-10004103
Fellowes,FOU-ST-10003143
Logitech,PRO-AC-10000093
Fellowes,FOU-ST-10000675
Memorex,PRO-AC-10000833
Advantus,MOB-ME-10000589
Cardinal,FOU-CL-10002309
Barricks,MOB-TA-10003537
Barricks,MOB-TA-10003655
Harbour,MOB-CH-10004652
Novimex,FOU-ÉT-10001085
Brother,PRO-PH-10000972
StarTech,PRO-MA-10000842
Apple,PRO-TÉ-10002604
Logitech,PRO-AC-10000291
Hewlett,PRO-PH-10000474
Advantus,MOB-ME-10004760
Ames,FOU-EN-10004447
Rogers,FOU-ST-10003953
Sanford,FOU-AR-10004917
GlobeWeis,FOU-EN-10003565
Avery,FOU-ÉT-10000596
Okidata,PRO-MA-10003408
Dania,MOB-BI-10004620
Fiskars,FOU-FO-10000660
Smead,FOU-ST-10003444
SanDisk,PRO-AC-10004000
Cuisinart,FOU-ÉL-10002558
Deflect-O,MOB-ME-10001529
Panasonic,PRO-MA-10001712
Novimex,FOU-ÉT-10004437
Bush,MOB-BI-10001432
Eldon,FOU-ST-10000223
Cardinal,FOU-CL-10001308
Deflect-O,MOB-ME-10004711
Sanford,FOU-AR-10003260
Rubvermaid,MOB-ME-10002574
Rogers,FOU-ST-10000330
Ikea,MOB-BI-10002102
SanDisk,PRO-AC-10000998
KitchenAid,FOU-ÉL-10000004
Memorex,PRO-AC-10002403
Avery,FOU-CL-10004373
Stanley,FOU-AR-10001933
Ibico,FOU-CL-10004792
GlobeWeis,FOU-EN-10003148
Cuisinart,FOU-ÉL-10001107
Harbour,MOB-CH-10001099
Advantus,FOU-ÉL-10000529
Hon,FOU-ÉT-10000588
Enermax,FOU-PA-10002695
Sauder,MOB-BI-10000926
Rubvermaid,MOB-ME-10004320
Rubvermaid,MOB-ME-10002026
Konica,PRO-MA-10000652
Accos,FOU-ÉL-10002070
Smead,FOU-ÉT-10004530
Rogers,FOU-ST-10004328
Hewlett,PRO-PH-10001932
Avery,FOU-ÉT-10000650
Bevis,MOB-TA-10002284
Kleencut,FOU-FO-10001828
Smead,FOU-ÉT-10003037
StarTech,PRO-MA-10003003
Logitech,PRO-AC-10003537
Advantus,MOB-ME-10000821
Eldon,MOB-ME-10003246
KitchenAid,FOU-ÉL-10003476
Konica,PRO-MA-10002918
SAFCO,MOB-CH-10002668
GlobeWeis,FOU-EN-10003302
Apple,PRO-TÉ-10001322
Acco,FOU-CL-10002818
Harbour,MOB-CH-10001191
Advantus,MOB-ME-10001779
Brother,PRO-PH-10002788
GlobeWeis,FOU-EN-10000539
Panasonic,PRO-MA-10003212
Eldon,MOB-ME-10001207
Enermax,FOU-PA-10001032
Fiskars,FOU-FO-10002972
Harbour,FOU-ÉT-10001727
Stiletto,FOU-FO-10002092
Ames,FOU-EN-10004250
Stockwell,FOU-ÉL-10004031
Okidata,PRO-MA-10002002
Advantus,FOU-ÉL-10003955
Xerox,FOU-PA-10002854
Acco,FOU-CL-10003871
HP,PRO-PH-10000251
Novimex,FOU-ÉT-10003986
KitchenAid,FOU-ÉL-10000779
Advantus,FOU-ÉL-10001101
Accos,FOU-ÉL-10004114
Motorola,PRO-TÉ-10000808
Harbour,FOU-ÉT-10003631
Fiskars,FOU-FO-10002615
Bush,MOB-BI-10000814
Lesro,MOB-TA-10004285
Enermax,PRO-AC-10001554
Eldon,FOU-ST-10003528
SanDisk,PRO-AC-10004945
Stockwell,FOU-ÉL-10000218
Ikea,MOB-BI-10003777
Samsung,PRO-TÉ-10000429
Jiffy,FOU-EN-10002575
Hon,MOB-CH-10003617
Smead,FOU-ST-10003205
SanDisk,FOU-PA-10000480
Kleencut,FOU-FO-10001807
Hoover,FOU-ÉL-10003100
Sauder,MOB-BI-10000801
Cardinal,FOU-CL-10002872
Acme,FOU-FO-10004514
Fellowes,FOU-ST-10003766
Hoover,FOU-ÉL-10000312
Safco,MOB-BI-10003446
Novimex,MOB-CH-10002250
Barricks,MOB-TA-10000696
Safco,MOB-BI-10003242
Binney,FOU-AR-10004326
Green,FOU-PA-10000496
Acme,FOU-FO-10000223
Samsung,PRO-TÉ-10001561
Ames,FOU-EN-10000979
Memorex,PRO-AC-10000522
Harbour,MOB-CH-10002874
HP,PRO-PH-10003430
Sanford,FOU-AR-10000793
Cardinal,FOU-CL-10000557
Bush,MOB-BI-10004938
Logitech,PRO-AC-10000939
Canon,PRO-PH-10001302
Bevis,MOB-TA-10001608
Hon,FOU-ÉT-10003923
Hoover,FOU-ÉL-10002958
Advantus,FOU-ÉL-10004323
Jiffy,FOU-EN-10000179
Office,MOB-CH-10000002
Fiskars,FOU-FO-10001223
Enermax,FOU-PA-10000057
Hamilton,FOU-ÉL-10002061
Stanley,FOU-AR-10000948
Bush,MOB-BI-10002290
Kraft,FOU-EN-10000683
Hoover,FOU-ÉL-10001270
Binney,FOU-AR-10002287
Samsung,PRO-TÉ-10002975
SanDisk,FOU-PA-10000587
Canon,PRO-PH-10001587
Epson,PRO-MA-10004208
Stockwell,FOU-ÉL-10004707
SanDisk,PRO-AC-10003397
Cameo,FOU-EN-10003546
Sharp,PRO-PH-10001780
Green,FOU-PA-10000998
Barricks,MOB-TA-10003602
Fellowes,FOU-ST-10000950
Eldon,FOU-ST-10001977
Okidata,PRO-MA-10000461
Novimex,MOB-CH-10001457
Cisco,PRO-TÉ-10003552
Deflect-O,MOB-ME-10004963
Ames,FOU-EN-10003371
Tenex,MOB-ME-10001900
Belkin,PRO-AC-10003903
Logitech,PRO-AC-10003235
Memorex,PRO-AC-10004929
Elite,FOU-FO-10004109
Bush,MOB-BI-10002379
Konica,PRO-MA-10002837
StarTech,PRO-MA-10004020
Okidata,PRO-MA-10000393
Accos,FOU-ÉL-10003590
KitchenAid,FOU-ÉL-10000245
Okidata,PRO-MA-10004448
Cardinal,FOU-CL-10001059
Wilson,FOU-CL-10002465
BIC,FOU-AR-10003254
Jiffy,FOU-EN-10001378
Acme,FOU-FO-10000829
GlobeWeis,FOU-EN-10003707
Office,MOB-CH-10002581
Smead,FOU-ÉT-10004455
Acco,FOU-CL-10000338
Acco,FOU-CL-10000157
Panasonic,PRO-MA-10004186
Panasonic,PRO-MA-10002856
StarTech,PRO-MA-10003071
Eldon,FOU-ST-10001319
OIC,FOU-ÉL-10004124
Nokia,PRO-TÉ-10002866
Accos,FOU-ÉL-10003022
HP,PRO-PH-10004058
Eaton,FOU-PA-10004978
Sharp,PRO-PH-10002220
Avery,FOU-ÉT-10002867
Cuisinart,FOU-ÉL-10000923
Hon,FOU-ÉT-10002141
Green,FOU-PA-10001545
Avery,FOU-ÉT-10004466
Ikea,MOB-BI-10001892
Ibico,FOU-CL-10000002
Tenex,MOB-ME-10002404
Kleencut,FOU-FO-10003518
Stockwell,FOU-ÉL-10003688
Deflect-O,MOB-ME-10002041
Stockwell,FOU-ÉL-10001147
Stockwell,FOU-ÉL-10003899
Safco,MOB-BI-10003269
Eldon,FOU-ST-10002518
Motorola,PRO-TÉ-10000820
Stockwell,FOU-ÉL-10003473
Konica,PRO-MA-10001985
Stockwell,FOU-ÉL-10001867
Novimex,FOU-ÉT-10000913
Wilson,FOU-CL-10000379
Novimex,FOU-ÉT-10002055
Konica,PRO-MA-10003891
Stockwell,FOU-ÉL-10002661
Ikea,MOB-BI-10003510
Harbour,FOU-ÉT-10002777
StarTech,PRO-MA-10000327
Motorola,PRO-TÉ-10002429
Canon,PRO-PH-10004590
Sharp,PRO-PH-10003047
Cisco,PRO-TÉ-10001076
SanDisk,PRO-AC-10002102
Rubvermaid,MOB-ME-10004729
Avery,FOU-CL-10004615
Epson,PRO-MA-10003889
Stockwell,FOU-ÉL-10002317
Apple,PRO-TÉ-10001298
Hon,MOB-CH-10004769
Elite,FOU-FO-10002003
KitchenAid,FOU-ÉL-10002207
Wilson,FOU-CL-10000893
Office,MOB-CH-10000351
Breville,FOU-ÉL-10001369
Brother,PRO-PH-10004483
Hewlett,PRO-PH-10003342
Wilson,FOU-CL-10002523
Office,MOB-CH-10001129
Motorola,PRO-TÉ-10000161
Tenex,MOB-ME-10000118
Stanley,FOU-AR-10003181
Barricks,MOB-TA-10004461
Advantus,FOU-ÉL-10004696
Panasonic,PRO-MA-10000998
Epson,PRO-MA-10004089
Eldon,MOB-ME-10004387
SAFCO,MOB-CH-10000610
Novimex,MOB-CH-10001908
Hon,MOB-CH-10000888
Avery,FOU-ÉT-10002588
Green,FOU-PA-10002383
Wilson,FOU-CL-10000424
Xerox,FOU-PA-10004851
Chromcraft,MOB-TA-10004770
Smead,FOU-ST-10003358
Cardinal,FOU-CL-10001473
Avery,FOU-CL-10003955
Harbour,FOU-ÉT-10000538
Enermax,FOU-PA-10003738
Avery,FOU-CL-10003924
SanDisk,PRO-AC-10000624
Ibico,FOU-CL-10004198
Brother,PRO-PH-10003538
Enermax,FOU-PA-10003611
Smead,FOU-ÉT-10003943
Acco,FOU-CL-10002177
Hoover,FOU-ÉL-10002611
Stanley,FOU-AR-10003297
Enermax,FOU-PA-10001642
Boston,FOU-AR-10002800
Eaton,FOU-PA-10001361
HP,PRO-PH-10002695
Stiletto,FOU-FO-10004511
Tenex,MOB-ME-10000592
Hamilton,FOU-ÉL-10001457
Eldon,MOB-ME-10002245
Brother,PRO-PH-10003018
Stiletto,FOU-FO-10004168
Eldon,FOU-ST-10001362
Apple,PRO-TÉ-10000520
Konica,PRO-MA-10000463
Smead,FOU-ÉT-10002331
GlobeWeis,FOU-EN-10001584
Dania,MOB-BI-10000311
Green,FOU-PA-10001801
Hon,MOB-TA-10000584
OIC,FOU-ÉL-10000256
Smead,FOU-ST-10000768
Eaton,FOU-PA-10001732
Dania,MOB-BI-10001020
GlobeWeis,FOU-EN-10001463
Stockwell,FOU-ÉL-10000567
OIC,FOU-ÉL-10004117
Cameo,FOU-EN-10002791
StarTech,PRO-MA-10002482
Cardinal,FOU-CL-10000997
Fellowes,FOU-ST-10002819
Okidata,PRO-MA-10002525
Stanley,FOU-AR-10003797
Wilson,FOU-CL-10000514
Belkin,PRO-AC-10004900
Xerox,FOU-PA-10004703
Kraft,FOU-EN-10000880
Advantus,FOU-ÉL-10000712
Stanley,FOU-AR-10002119
Avery,FOU-CL-10000117
Sharp,PRO-PH-10004464
SanDisk,PRO-AC-10002762
Epson,PRO-MA-10000642
Logitech,PRO-AC-10002132
SanDisk,PRO-AC-10001942
KitchenAid,FOU-ÉL-10000077
Jiffy,FOU-EN-10000431
Memorex,PRO-AC-10001843
Cameo,FOU-EN-10000650
Smead,FOU-ÉT-10002397
Advantus,MOB-ME-10002560
Enermax,PRO-AC-10001588
Motorola,PRO-TÉ-10003721
Canon,PRO-PH-10000964
Eldon,MOB-ME-10000721
Tenex,FOU-ST-10000230
Rubvermaid,MOB-ME-10000080
Xerox,FOU-PA-10002047
Hewlett,PRO-PH-10004267
HP,PRO-PH-10001952
Apple,PRO-TÉ-10002935
Breville,FOU-ÉL-10000053
OIC,FOU-ÉL-10002300
Sanford,FOU-AR-10003218
Office,MOB-CH-10003352
Cuisinart,FOU-ÉL-10004379
Breville,FOU-ÉL-10002587
BIC,FOU-AR-10002298
Smead,FOU-ÉT-10001465
SanDisk,FOU-PA-10004291
Jiffy,FOU-EN-10004744
Enermax,PRO-AC-10004884
Stanley,FOU-AR-10002938
Hon,MOB-TA-10004818
Hon,FOU-ÉT-10000628
Apple,PRO-TÉ-10001851
Novimex,MOB-CH-10000886
Cuisinart,FOU-ÉL-10001395
Smead,FOU-ÉT-10004728
Novimex,FOU-ÉT-10004602
Cisco,PRO-TÉ-10004608
Hewlett,PRO-PH-10004649
Rubvermaid,MOB-ME-10003807
Ikea,MOB-BI-10001994
Enermax,FOU-PA-10002243
Elite,FOU-FO-10001902
Stockwell,FOU-ÉL-10001227
Kleencut,FOU-FO-10002437
Hon,MOB-CH-10000171
Avery,FOU-CL-10004729
Smead,FOU-ÉT-10004391
Brother,PRO-PH-10003579
Cardinal,FOU-CL-10001533
Rogers,FOU-ST-10003042
Epson,PRO-MA-10001480
Breville,FOU-ÉL-10004954
Elite,FOU-FO-10003626
Binney,FOU-AR-10004067
Advantus,MOB-ME-10002338
BIC,FOU-AR-10004495
SAFCO,MOB-CH-10000519
Ames,FOU-EN-10000162
Brother,PRO-PH-10003330
Kraft,FOU-EN-10003279
Eaton,FOU-PA-10004267
SanDisk,FOU-PA-10002857
Sanford,FOU-AR-10003128
Fiskars,FOU-FO-10000820
Hamilton,FOU-ÉL-10001904
Stiletto,FOU-FO-10002259
Harbour,FOU-ÉT-10004116
Hamilton,FOU-ÉL-10000539
Xerox,FOU-PA-10003072
Eldon,FOU-ST-10004687
Enermax,FOU-PA-10001039
Hamilton,FOU-ÉL-10000868
Hewlett,PRO-PH-10001801
BIC,FOU-AR-10000541
Stockwell,FOU-ÉL-10002435
Panasonic,PRO-MA-10001216
Novimex,FOU-ÉT-10002045
Advantus,MOB-ME-10002389
Breville,FOU-ÉL-10001605
Tenex,FOU-ST-10004209
Sanford,FOU-AR-10001382
Okidata,PRO-MA-10002809
Hamilton,FOU-ÉL-10000353
Rubvermaid,MOB-ME-10001399
Canon,PRO-PH-10001993
Barricks,MOB-TA-10004865
Jiffy,FOU-EN-10001606
Green,FOU-PA-10003452
Brother,PRO-PH-10003241
StarTech,PRO-MA-10002271
Sharp,PRO-PH-10000180
Cardinal,FOU-CL-10004086
Xerox,FOU-PA-10002617
Logitech,PRO-AC-10002380
Hon,MOB-TA-10001748
SanDisk,PRO-AC-10001599
Samsung,PRO-TÉ-10001382
Eaton,FOU-PA-10003806
Cuisinart,FOU-ÉL-10001240
Lesro,MOB-TA-10001898
BIC,FOU-AR-10004906
Sauder,MOB-BI-10003471
Accos,FOU-ÉL-10003005
Bush,MOB-BI-10002873
StarTech,PRO-MA-10002431
Stanley,FOU-AR-10003846
Advantus,FOU-ÉL-10000927
OIC,FOU-ÉL-10004566
Motorola,PRO-TÉ-10000564
Stockwell,FOU-ÉL-10000773
Breville,FOU-ÉL-10003028
Logitech,PRO-AC-10002562
Kleencut,FOU-FO-10003790
Ames,FOU-EN-10000922
Dania,MOB-BI-10002914
Tenex,MOB-ME-10000936
Stockwell,FOU-ÉL-10000198
Avery,FOU-CL-10002858
Fellowes,FOU-ST-10000473
Kraft,FOU-EN-10003515
Panasonic,PRO-MA-10001793
Hoover,FOU-ÉL-10000223
Avery,FOU-CL-10002441
Hewlett,PRO-PH-10004898
Chromcraft,MOB-TA-10000064
Memorex,PRO-AC-10004367
Harbour,FOU-ÉT-10002933
Ames,FOU-EN-10003012
Tenex,FOU-ST-10002779
Samsung,PRO-TÉ-10001602
Stockwell,FOU-ÉL-10000349
SAFCO,MOB-CH-10002406
Hoover,FOU-ÉL-10000564
Boston,FOU-AR-10001416
Cisco,PRO-TÉ-10002743
Smead,FOU-ST-10003810
Hamilton,FOU-ÉL-10004316
Deflect-O,MOB-ME-10002225
Office,MOB-CH-10003356
Xerox,FOU-PA-10001067
Belkin,PRO-AC-10002956
Hoover,FOU-ÉL-10004333
Hamilton,FOU-ÉL-10000990
Acme,FOU-FO-10004100
KitchenAid,FOU-ÉL-10004442
Avery,FOU-CL-10001576
Hoover,FOU-ÉL-10004588
Stockwell,FOU-ÉL-10002143
Boston,FOU-AR-10004093
Acme,FOU-FO-10002752
Hon,MOB-CH-10003110
Hoover,FOU-ÉL-10000792
Hamilton,FOU-ÉL-10002101
Apple,PRO-TÉ-10003008
Rogers,FOU-ST-10001916
Canon,PRO-PH-10004067
Novimex,FOU-ÉT-10004174
Enermax,FOU-PA-10000785
Belkin,PRO-AC-10003030
Tenex,FOU-ST-10001534
Ikea,MOB-BI-10003803
Hon,MOB-CH-10004610
Sanford,FOU-AR-10001404
Binney,FOU-AR-10003938
Belkin,PRO-AC-10001208
Hoover,FOU-ÉL-10001210
Sauder,MOB-BI-10000912
Novimex,MOB-CH-10001717
Nokia,PRO-TÉ-10000680
Ikea,MOB-BI-10004400
Hon,MOB-CH-10001711
Cuisinart,FOU-ÉL-10004758
Accos,FOU-ÉL-10004483
Ames,FOU-EN-10001366
GlobeWeis,FOU-EN-10002227
SAFCO,MOB-CH-10001839
SanDisk,FOU-PA-10001710
Safco,MOB-BI-10002377
Novimex,MOB-CH-10003337
Binney,FOU-AR-10000607
SanDisk,PRO-AC-10003749
SanDisk,PRO-AC-10004372
Fellowes,FOU-ST-10004184
Memorex,PRO-AC-10001212
HP,PRO-PH-10003601
Boston,FOU-AR-10004518
Chromcraft,MOB-TA-10001854
Dania,MOB-BI-10002854
Belkin,PRO-AC-10001053
Green,FOU-PA-10000276
Acme,FOU-FO-10001503
Jiffy,FOU-EN-10002165
GlobeWeis,FOU-EN-10003476
Avery,FOU-CL-10001465
Rogers,FOU-ST-10004285
Safco,MOB-BI-10003098
Accos,FOU-ÉL-10002135
Smead,FOU-ST-10000883
Stanley,FOU-AR-10003949
Dania,MOB-BI-10003919
Avery,FOU-CL-10002641
Acco,FOU-CL-10000456
Stanley,FOU-AR-10002773
Bush,MOB-BI-10001964
Enermax,PRO-AC-10003584
Enermax,PRO-AC-10002744
Harbour,FOU-ÉT-10000065
Hamilton,FOU-ÉL-10002145
Boston,FOU-AR-10004880
Smead,FOU-ST-10001081
Belkin,PRO-AC-10001086
Panasonic,PRO-MA-10000822
Tenex,FOU-ST-10000387
Tenex,MOB-ME-10003824
Smead,FOU-ÉT-10002232
Green,FOU-PA-10003185
Dania,MOB-BI-10001203
Jiffy,FOU-EN-10002130
GlobeWeis,FOU-EN-10001932
Hon,MOB-CH-10001580
Memorex,PRO-AC-10003659
Apple,PRO-TÉ-10001762
Elite,FOU-FO-10000825
Ibico,FOU-CL-10004490
Breville,FOU-ÉL-10000061
Elite,FOU-FO-10001098
Jiffy,FOU-EN-10000858
OIC,FOU-ÉL-10001086
Deflect-O,MOB-ME-10003407
Tenex,MOB-ME-10003330
Belkin,PRO-AC-10003764
Office,MOB-CH-10003118
Hon,FOU-ÉT-10001261
Xerox,FOU-PA-10004239
Fellowes,FOU-ST-10000890
Fiskars,FOU-FO-10004677
Harbour,FOU-ÉT-10003775
Smead,FOU-ÉT-10004733
SanDisk,PRO-AC-10004435
Tenex,MOB-ME-10004360
Binney,FOU-AR-10003219
Avery,FOU-ÉT-10001823
Hon,MOB-CH-10003379
Panasonic,PRO-MA-10000672
Enermax,FOU-PA-10003126
Advantus,MOB-ME-10003283
Rogers,FOU-ST-10002344
Stanley,FOU-AR-10004383
Tenex,FOU-ST-10002520
Bevis,MOB-TA-10002298
Eldon,MOB-ME-10000880
OIC,FOU-ÉL-10000569
Novimex,MOB-CH-10002044
Logitech,PRO-AC-10000466
Novimex,FOU-ÉT-10003712
Cuisinart,FOU-ÉL-10001729
Lesro,MOB-TA-10000899
Logitech,PRO-AC-10002397
Deflect-O,MOB-ME-10003692
Xerox,FOU-PA-10001473
Sharp,PRO-PH-10004547
Motorola,PRO-TÉ-10004301
Enermax,PRO-AC-10001609
Avery,FOU-ÉT-10002823
Jiffy,FOU-EN-10002531
Rogers,FOU-ST-10002741
Eldon,FOU-ST-10004014
Avery,FOU-ÉT-10001361
Harbour,MOB-CH-10002649
Hamilton,FOU-ÉL-10004844
Hon,MOB-CH-10004932
Acme,FOU-FO-10002959
Acme,FOU-FO-10002561
Sanford,FOU-AR-10002861
Hon,MOB-TA-10002865
Advantus,FOU-ÉL-10003725
Ikea,MOB-BI-10004866
Stiletto,FOU-FO-10000407
Novimex,FOU-ÉT-10001304
Memorex,PRO-AC-10001897
SanDisk,FOU-PA-10001476
Eldon,FOU-ST-10002134
Avery,FOU-ÉT-10002857
Novimex,FOU-ÉT-10004148
Hon,FOU-ÉT-10003172
Kleencut,FOU-FO-10001977
Cameo,FOU-EN-10004743
Cameo,FOU-EN-10001874
Tenex,FOU-ST-10004007
Avery,FOU-CL-10004486
Wilson,FOU-CL-10004240
Safco,MOB-BI-10001905
GlobeWeis,FOU-EN-10001359
Cardinal,FOU-CL-10003973
GlobeWeis,FOU-EN-10004350
Cuisinart,FOU-ÉL-10003129
Safco,MOB-BI-10002170
Barricks,MOB-TA-10000751
Apple,PRO-TÉ-10000631
Cuisinart,FOU-ÉL-10004217
Lesro,MOB-TA-10001998
Bush,MOB-BI-10001399
Safco,MOB-BI-10003787
BIC,FOU-AR-10001798
Smead,FOU-ST-10002208
Kraft,FOU-EN-10002692
Enermax,PRO-AC-10001640
Kraft,FOU-EN-10000753
Harbour,FOU-ÉT-10001075
Elite,FOU-FO-10000064
Eaton,FOU-PA-10001786
Brother,PRO-PH-10002752
Stockwell,FOU-ÉL-10000573
Cisco,PRO-TÉ-10003914
Bush,MOB-BI-10003424
Hewlett,PRO-PH-10001794
Boston,FOU-AR-10001336
Cameo,FOU-EN-10001900
Breville,FOU-ÉL-10002254
Eldon,MOB-ME-10001790
Tenex,MOB-ME-10001858
Stockwell,FOU-ÉL-10003924
Breville,FOU-ÉL-10000331
Samsung,PRO-TÉ-10003734
Novimex,MOB-CH-10003998
Dania,MOB-BI-10000755
BIC,FOU-AR-10004477
Stockwell,FOU-ÉL-10002136
Harbour,FOU-ÉT-10004965
Cuisinart,FOU-ÉL-10001275
Stanley,FOU-AR-10000761
Enermax,FOU-PA-10002361
Ikea,MOB-BI-10001915
BIC,FOU-AR-10002763
Smead,FOU-ST-10001906
Safco,MOB-BI-10000161
Novimex,MOB-CH-10003987
Eldon,FOU-ST-10001748
Stiletto,FOU-FO-10001194
Belkin,PRO-AC-10003799
SanDisk,PRO-AC-10000715
Advantus,MOB-ME-10003029
Xerox,FOU-PA-10004337
HP,PRO-PH-10003893
Wilson,FOU-CL-10003697
Eldon,MOB-ME-10004167
KitchenAid,FOU-ÉL-10000549
Rubvermaid,MOB-ME-10001974
BIC,FOU-AR-10001361
Cuisinart,FOU-ÉL-10001238
Apple,PRO-TÉ-10001419
Rubvermaid,MOB-ME-10002237
Kraft,FOU-EN-10004982
Ibico,FOU-CL-10002040
Boston,FOU-AR-10000415
SAFCO,MOB-CH-10002999
Novimex,FOU-ÉT-10002489
Cameo,FOU-EN-10000470
StarTech,PRO-MA-10004161
Advantus,MOB-ME-10002326
Fiskars,FOU-FO-10003094
SAFCO,MOB-CH-10002693
Avery,FOU-CL-10002978
Apple,PRO-TÉ-10000216
HP,PRO-PH-10001989
Kleencut,FOU-FO-10003461
Dania,MOB-BI-10003263
Ibico,FOU-CL-10003917
Kraft,FOU-EN-10000575
Brother,PRO-PH-10004243
Konica,PRO-MA-10001420
Rogers,FOU-ST-10001242
Fellowes,FOU-ST-10000826
Kraft,FOU-EN-10000193
SanDisk,FOU-PA-10001010
Novimex,MOB-CH-10004806
Ikea,MOB-BI-10003302
Ibico,FOU-CL-10000211
Panasonic,PRO-MA-10001968
SanDisk,FOU-PA-10000321
Bush,MOB-BI-10001228
Dania,MOB-BI-10000666
Binney,FOU-AR-10002443
Harbour,MOB-CH-10001816
SanDisk,FOU-PA-10003792
Cuisinart,FOU-ÉL-10002396
SAFCO,MOB-CH-10003399
Accos,FOU-ÉL-10003793
Eldon,MOB-ME-10003104
Canon,PRO-PH-10002242
Tenex,FOU-ST-10001410
Tenex,MOB-ME-10002770
SanDisk,FOU-PA-10001884
Rogers,FOU-ST-10003889
Hoover,FOU-ÉL-10001429
Breville,FOU-ÉL-10001810
Canon,PRO-PH-10004553
SAFCO,MOB-CH-10003602
Harbour,MOB-CH-10004425
Novimex,MOB-CH-10004362
Fellowes,FOU-ST-10000153
Cisco,PRO-TÉ-10003741
Bevis,MOB-TA-10004759
Fiskars,FOU-FO-10001935
Breville,FOU-ÉL-10001289
Safco,MOB-BI-10002141
Memorex,PRO-AC-10002297
Nokia,PRO-TÉ-10003933
Ames,FOU-EN-10001477
Enermax,PRO-AC-10004962
Accos,FOU-ÉL-10000051
Stiletto,FOU-FO-10003876
Hewlett,PRO-PH-10004706
Eldon,MOB-ME-10004880
Cardinal,FOU-CL-10000871
Elite,FOU-FO-10001049
Rogers,FOU-ST-10004702
Epson,PRO-MA-10001276
Kleencut,FOU-FO-10001509
Wilson,FOU-CL-10003174
Jiffy,FOU-EN-10002520
SanDisk,FOU-PA-10003125
Novimex,FOU-ÉT-10000461
KitchenAid,FOU-ÉL-10001929
Eldon,MOB-ME-10000001
Motorola,PRO-TÉ-10003245
Boston,FOU-AR-10004341
Kraft,FOU-EN-10004390
Acco,FOU-CL-10000593
SanDisk,FOU-PA-10001015
Ames,FOU-EN-10001884
Canon,PRO-PH-10003313
Tenex,FOU-ST-10000697
HP,PRO-PH-10004122
Jiffy,FOU-EN-10002330
Stockwell,FOU-ÉL-10002730
Hewlett,PRO-PH-10004575
Elite,FOU-FO-10001146
Okidata,PRO-MA-10003757
GlobeWeis,FOU-EN-10001209
Ames,FOU-EN-10001003
Stiletto,FOU-FO-10002292
Okidata,PRO-MA-10000149
KitchenAid,FOU-ÉL-10003238
Bevis,MOB-TA-10002309
Brother,PRO-PH-10002350
Avery,FOU-ÉT-10004097
Eaton,FOU-PA-10003425
BIC,FOU-AR-10000475
SAFCO,MOB-CH-10002374
Accos,FOU-ÉL-10000267
OIC,FOU-ÉL-10002244
Binney,FOU-AR-10000331
Cardinal,FOU-CL-10002162
Kleencut,FOU-FO-10001142
Advantus,MOB-ME-10003131
Hon,MOB-CH-10000467
Stockwell,FOU-ÉL-10003801
Accos,FOU-ÉL-10001835
Deflect-O,MOB-ME-10001724
Bush,MOB-BI-10004911
Bevis,MOB-TA-10003938
Barricks,MOB-TA-10003624
Harbour,MOB-CH-10000597
Ikea,MOB-BI-10001272
Motorola,PRO-TÉ-10003708
Fiskars,FOU-FO-10001550
Smead,FOU-ST-10003576
Stiletto,FOU-FO-10002116
Chromcraft,MOB-TA-10003874
Bevis,MOB-TA-10000184
GlobeWeis,FOU-EN-10002001
Epson,PRO-MA-10004650
Eldon,MOB-ME-10001981
Tenex,FOU-ST-10000202
Ikea,MOB-BI-10000644
Lesro,MOB-TA-10004807
Tenex,MOB-ME-10001743
Boston,FOU-AR-10000306
Hon,MOB-TA-10003340
Elite,FOU-FO-10003864
Chromcraft,MOB-TA-10001292
Okidata,PRO-MA-10000959
Office,MOB-CH-10000605
Belkin,PRO-AC-10001108
HP,PRO-PH-10003525
Cameo,FOU-EN-10002689
SAFCO,MOB-CH-10002327
Cardinal,FOU-CL-10003514
Tenex,MOB-ME-10002839
OIC,FOU-ÉL-10002659
Eldon,MOB-ME-10000381
Boston,FOU-AR-10003411
Eaton,FOU-PA-10001715
SanDisk,PRO-AC-10003526
Cuisinart,FOU-ÉL-10003689
Advantus,FOU-ÉL-10001706
Boston,FOU-AR-10000397
KitchenAid,FOU-ÉL-10004402
Green,FOU-PA-10003632
Boston,FOU-AR-10003577
Boston,FOU-AR-10003623
Cameo,FOU-EN-10001388
Samsung,PRO-TÉ-10001470
Hon,MOB-CH-10001900
Binney,FOU-AR-10004414
HP,PRO-PH-10003151
Hon,FOU-ÉT-10003342
Enermax,PRO-AC-10001316
Binney,FOU-AR-10000560
KitchenAid,FOU-ÉL-10004701
GlobeWeis,FOU-EN-10002210
Binney,FOU-AR-10003353
Boston,FOU-AR-10001589
Epson,PRO-MA-10003866
Elite,FOU-FO-10004693
Stanley,FOU-AR-10001310
Nokia,PRO-TÉ-10004522
Cuisinart,FOU-ÉL-10004885
Panasonic,PRO-MA-10003634
Ikea,MOB-BI-10001752
Smead,FOU-ST-10002409
Hoover,FOU-ÉL-10004319
Tenex,MOB-ME-10004577
Okidata,PRO-MA-10000643
Safco,MOB-BI-10001157
Jiffy,FOU-EN-10002310
Fiskars,FOU-FO-10003241
Advantus,MOB-ME-10001366
GlobeWeis,FOU-EN-10002188
Sharp,PRO-PH-10002481
BIC,FOU-AR-10004829
Cameo,FOU-EN-10001377
Smead,FOU-ÉT-10003352
SanDisk,FOU-PA-10003862
Okidata,PRO-MA-10001745
Ibico,FOU-CL-10001111
Advantus,FOU-ÉL-10001268
Jiffy,FOU-EN-10002021
SanDisk,FOU-PA-10003708
Sharp,PRO-PH-10003069
Harbour,MOB-CH-10000543
OIC,FOU-ÉL-10002387
Wilson,FOU-CL-10001014
Konica,PRO-MA-10003998
SanDisk,FOU-PA-10001558
Smead,FOU-ST-10000468
Deflect-O,MOB-ME-10004498
Canon,PRO-PH-10003064
Canon,PRO-PH-10004679
BIC,FOU-AR-10004001
Hon,MOB-CH-10000449
Rogers,FOU-ST-10002787
Sauder,MOB-BI-10001662
Konica,PRO-MA-10003135
Deflect-O,MOB-ME-10002802
Cisco,PRO-TÉ-10003208
Kleencut,FOU-FO-10000665
SAFCO,MOB-CH-10002049
Memorex,PRO-AC-10000499
Rubvermaid,MOB-ME-10001125
Boston,FOU-AR-10004722
Jiffy,FOU-EN-10002690
Deflect-O,MOB-ME-10002193
Brother,PRO-PH-10000262
Sharp,PRO-PH-10002847
Safco,MOB-BI-10003455
Eldon,FOU-ST-10000848
Okidata,PRO-MA-10002074
Nokia,PRO-TÉ-10002052
Harbour,FOU-ÉT-10001322
Hewlett,PRO-PH-10004499
Dania,MOB-BI-10002893
Canon,PRO-PH-10001336
Kraft,FOU-EN-10002351
Ikea,MOB-BI-10003389
Breville,FOU-ÉL-10001154
Tenex,FOU-ST-10004036
Eaton,FOU-PA-10004109
BIC,FOU-AR-10004485
Brother,PRO-PH-10003768
Deflect-O,MOB-ME-10004873
Breville,FOU-ÉL-10003175
Novimex,MOB-CH-10001418
Hoover,FOU-ÉL-10003226
Eldon,FOU-ST-10000781
Fellowes,FOU-ST-10000711
Tenex,MOB-ME-10003611
Dania,MOB-BI-10001829
Stiletto,FOU-FO-10001783
Konica,PRO-MA-10001385
Boston,FOU-AR-10004134
Kleencut,FOU-FO-10002410
Lesro,MOB-TA-10000266
Eaton,FOU-PA-10000064
Safco,MOB-BI-10001472
OIC,FOU-ÉL-10003119
Panasonic,PRO-MA-10004137
Avery,FOU-ÉT-10001648
Bevis,MOB-TA-10003761
Cuisinart,FOU-ÉL-10004087
Hamilton,FOU-ÉL-10000150
Novimex,MOB-CH-10001454
Belkin,PRO-AC-10004183
KitchenAid,FOU-ÉL-10002568
Harbour,FOU-ÉT-10002783
Okidata,PRO-MA-10002553
StarTech,PRO-MA-10001266
GlobeWeis,FOU-EN-10001840
Tenex,MOB-ME-10003883
Stiletto,FOU-FO-10002272
Office,MOB-CH-10003662
Smead,FOU-ST-10004824
Canon,PRO-PH-10002010
Ames,FOU-EN-10000624
Cisco,PRO-TÉ-10002016
Xerox,FOU-PA-10000633
Eldon,FOU-ST-10004420
SanDisk,PRO-AC-10002898
Sauder,MOB-BI-10003591
Rogers,FOU-ST-10002971
Stanley,FOU-AR-10002052
Hon,FOU-ÉT-10004903
Green,FOU-PA-10000676
Acme,FOU-FO-10000991
Hamilton,FOU-ÉL-10000962
Barricks,MOB-TA-10001260
HP,PRO-PH-10004986
Eaton,FOU-PA-10004941
Xerox,FOU-PA-10003293
Binney,FOU-AR-10004327
Sauder,MOB-BI-10004610
Sharp,PRO-PH-10004878
Smead,FOU-ST-10003956
Avery,FOU-ÉT-10003361
Ibico,FOU-CL-10001323
Binney,FOU-AR-10000531
Stiletto,FOU-FO-10004699
Stiletto,FOU-FO-10004376
Lesro,MOB-TA-10000686
Hon,FOU-ÉT-10003606
Hamilton,FOU-ÉL-10003183
Deflect-O,MOB-ME-10000657
GlobeWeis,FOU-EN-10000289
Hamilton,FOU-ÉL-10004406
Stockwell,FOU-ÉL-10001064
Fellowes,FOU-ST-10000155
Novimex,FOU-ÉT-10000708
Hon,FOU-ÉT-10004018
Logitech,PRO-AC-10000541
Sauder,MOB-BI-10000820
Motorola,PRO-TÉ-10003206
Novimex,FOU-ÉT-10004963
Wilson,FOU-CL-10003822
Acco,FOU-CL-10002449
Cameo,FOU-EN-10004648
Eldon,MOB-ME-10001690
Smead,FOU-ÉT-10000355
Ibico,FOU-CL-10003093
Sanford,FOU-AR-10003527
Bush,MOB-BI-10003392
Stanley,FOU-AR-10003250
Stockwell,FOU-ÉL-10000034
Canon,PRO-PH-10003326
Harbour,MOB-CH-10002280
Nokia,PRO-TÉ-10004485
Green,FOU-PA-10003688
Panasonic,PRO-MA-10004377
Cameo,FOU-EN-10002613
Epson,PRO-MA-10000742
Harbour,MOB-CH-10002447
Stockwell,FOU-ÉL-10003498
StarTech,PRO-MA-10002436
Smead,FOU-ÉT-10001256
Sauder,MOB-BI-10002708
Stockwell,FOU-ÉL-10003068
Hon,FOU-ÉT-10003138
Apple,PRO-TÉ-10000201
Deflect-O,MOB-ME-10003809
Brother,PRO-PH-10002227
Tenex,FOU-ST-10003586
Harbour,MOB-CH-10003873
Tenex,FOU-ST-10004943
Bush,MOB-BI-10002105
HP,PRO-PH-10001730
Panasonic,PRO-MA-10002498
Stockwell,FOU-ÉL-10002426
Bush,MOB-BI-10000395
Logitech,PRO-AC-10000553
Accos,FOU-ÉL-10003477
Boston,FOU-AR-10002182
Logitech,PRO-AC-10000869
Memorex,PRO-AC-10002913
Avery,FOU-ÉT-10003669
HP,PRO-PH-10002527
Dania,MOB-BI-10002861
Stockwell,FOU-ÉL-10001703
StarTech,PRO-MA-10002179
Logitech,PRO-AC-10004336
Rubvermaid,MOB-ME-10000084
Nokia,PRO-TÉ-10004140
Stiletto,FOU-FO-10002900
Stockwell,FOU-ÉL-10001212
Eldon,FOU-ST-10001172
Cameo,FOU-EN-10003916
Green,FOU-PA-10003822
Ibico,FOU-CL-10003739
Novimex,MOB-CH-10004414
Binney,FOU-AR-10002809
Xerox,FOU-PA-10004625
Rubvermaid,MOB-ME-10000005
Okidata,PRO-MA-10002911
Xerox,FOU-PA-10001870
Stiletto,FOU-FO-10001181
Advantus,FOU-ÉL-10003398
Memorex,PRO-AC-10003326
Nokia,PRO-TÉ-10000781
Stanley,FOU-AR-10001436
Avery,FOU-CL-10001002
Sauder,MOB-BI-10002547
Apple,PRO-TÉ-10002079
Kleencut,FOU-FO-10001063
Panasonic,PRO-MA-10000298
Hon,MOB-CH-10001808
Sharp,PRO-PH-10003184
Jiffy,FOU-EN-10004228
Stiletto,FOU-FO-10002786
Novimex,MOB-CH-10002247
Konica,PRO-MA-10001509
Cardinal,FOU-CL-10002597
Samsung,PRO-TÉ-10001437
Hoover,FOU-ÉL-10004563
Enermax,PRO-AC-10000283
SanDisk,FOU-PA-10002217
Acco,FOU-CL-10003055
Wilson,FOU-CL-10004922
Okidata,PRO-MA-10004835
BIC,FOU-AR-10004756
Deflect-O,MOB-ME-10000849
Hoover,FOU-ÉL-10002278
Sharp,PRO-PH-10003160
Hon,MOB-CH-10002683
Office,MOB-CH-10002500
Green,FOU-PA-10003863
BIC,FOU-AR-10002937
Panasonic,PRO-MA-10000185
Hon,MOB-CH-10003638
Fiskars,FOU-FO-10000838
Hon,MOB-CH-10004869
Hon,MOB-CH-10000246
Dania,MOB-BI-10002537
Stockwell,FOU-ÉL-10003964
Memorex,PRO-AC-10004197
Motorola,PRO-TÉ-10001511
Bush,MOB-BI-10002507
Cisco,PRO-TÉ-10004339
Kraft,FOU-EN-10001990
SanDisk,PRO-AC-10001603
Enermax,FOU-PA-10003680
Avery,FOU-CL-10004522
Nokia,PRO-TÉ-10003799
Binney,FOU-AR-10002240
Advantus,MOB-ME-10001093
Binney,FOU-AR-10000033
Hon,FOU-ÉT-10004871
Motorola,PRO-TÉ-10004418
Nokia,PRO-TÉ-10002441
Elite,FOU-FO-10004240
Smead,FOU-ST-10000495
Sauder,MOB-BI-10000642
Apple,PRO-TÉ-10003927
SAFCO,MOB-CH-10004223
Hamilton,FOU-ÉL-10001272
SAFCO,MOB-CH-10004447
Cisco,PRO-TÉ-10002803
Sharp,PRO-PH-10002713
Stiletto,FOU-FO-10003052
Sanford,FOU-AR-10003446
Boston,FOU-AR-10002453
Deflect-O,MOB-ME-10002717
Belkin,PRO-AC-10001022
Enermax,FOU-PA-10000615
Brother,PRO-PH-10001000
StarTech,PRO-MA-10000871
Konica,PRO-MA-10001935
Avery,FOU-CL-10001656
Accos,FOU-ÉL-10001416
Cameo,FOU-EN-10001650
SanDisk,PRO-AC-10002879
Hamilton,FOU-ÉL-10000856
SAFCO,MOB-CH-10003779
Novimex,MOB-CH-10003449
Eaton,FOU-PA-10003150
Tenex,FOU-ST-10002196
Cameo,FOU-EN-10004029
Bush,MOB-BI-10004806
Dania,MOB-BI-10000110
Avery,FOU-CL-10001681
KitchenAid,FOU-ÉL-10003467
OIC,FOU-ÉL-10003679
Enermax,PRO-AC-10000953
Dania,MOB-BI-10001805
Binney,FOU-AR-10002898
Eaton,FOU-PA-10000081
Deflect-O,MOB-ME-10000398
Novimex,FOU-ÉT-10000265
Rubvermaid,MOB-ME-10004840
Enermax,PRO-AC-10003549
Fiskars,FOU-FO-10000053
Acco,FOU-CL-10001363
Hon,MOB-TA-10001600
Dania,MOB-BI-10002381
Ames,FOU-EN-10002825
BIC,FOU-AR-10004236
Bevis,MOB-TA-10001451
Avery,FOU-ÉT-10001045
Canon,PRO-PH-10004296
Office,MOB-CH-10004513
Panasonic,PRO-MA-10001092
Xerox,FOU-PA-10001440
Smead,FOU-ST-10002872
OIC,FOU-ÉL-10003694
Motorola,PRO-TÉ-10003121
Ibico,FOU-CL-10004223
Ikea,MOB-BI-10003761
Memorex,PRO-AC-10000978
HP,PRO-PH-10000256
Accos,FOU-ÉL-10000593
Binney,FOU-AR-10002292
Ikea,MOB-BI-10001559
SanDisk,FOU-PA-10002100
Motorola,PRO-TÉ-10003618
Hewlett,PRO-PH-10001697
Enermax,FOU-PA-10000524
Novimex,FOU-ÉT-10002974
Elite,FOU-FO-10002503
Harbour,FOU-ÉT-10003223
Advantus,MOB-ME-10003873
Eldon,FOU-ST-10001716
Elite,FOU-FO-10003753
Hon,FOU-ÉT-10002016
Avery,FOU-ÉT-10003638
Apple,PRO-TÉ-10002816
Fellowes,FOU-ST-10001165
Panasonic,PRO-MA-10000395
Elite,FOU-FO-10000289
OIC,FOU-ÉL-10002103
Novimex,FOU-ÉT-10002382
Eaton,FOU-PA-10004715
Rubvermaid,MOB-ME-10001736
Novimex,MOB-CH-10000804
Cisco,PRO-TÉ-10002765
Eldon,FOU-ST-10001175
Xerox,FOU-PA-10000291
Kraft,FOU-EN-10001130
Lesro,MOB-TA-10003648
SanDisk,FOU-PA-10000966
SanDisk,FOU-PA-10001230
Sharp,PRO-PH-10001975
Okidata,PRO-MA-10004820
Smead,FOU-ÉT-10001378
Harbour,MOB-CH-10000407
Acme,FOU-FO-10001129
Konica,PRO-MA-10002614
Accos,FOU-ÉL-10003308
Novimex,FOU-ÉT-10000367
Eldon,FOU-ST-10002992
Hon,FOU-ÉT-10001120
Avery,FOU-CL-10004334
Logitech,PRO-AC-10004144
Rubvermaid,MOB-ME-10000671
Hamilton,FOU-ÉL-10003556
Ikea,MOB-BI-10002376
Cisco,PRO-TÉ-10003114
OIC,FOU-ÉL-10000624
Smead,FOU-ÉT-10003575
Elite,FOU-FO-10000658
Office,MOB-CH-10002537
Memorex,PRO-AC-10004629
Smead,FOU-ÉT-10004245
Green,FOU-PA-10002268
Fellowes,FOU-ST-10002565
Nokia,PRO-TÉ-10000727
Eldon,FOU-ST-10001643
SAFCO,MOB-CH-10001317
Harbour,MOB-CH-10000450
Samsung,PRO-TÉ-10002709
Jiffy,FOU-EN-10002922
Office,MOB-CH-10004987
Green,FOU-PA-10001433
Eldon,MOB-ME-10002647
Avery,FOU-ÉT-10004680
Stockwell,FOU-ÉL-10001669
Stockwell,FOU-ÉL-10004859
Hon,FOU-ÉT-10001173
Cuisinart,FOU-ÉL-10002955
Harbour,MOB-CH-10004598
Sauder,MOB-BI-10000614
Fiskars,FOU-FO-10004838
Acco,FOU-CL-10001670
Epson,PRO-MA-10000254
Epson,PRO-MA-10001644
StarTech,PRO-MA-10000690
Kleencut,FOU-FO-10004824
Sauder,MOB-BI-10002282
Eldon,MOB-ME-10003323
Novimex,MOB-CH-10002555
Accos,FOU-ÉL-10001908
Deflect-O,MOB-ME-10003771
Office,MOB-CH-10004101
Jiffy,FOU-EN-10000110
Elite,FOU-FO-10001912
Eldon,FOU-ST-10000053
Samsung,PRO-TÉ-10003713
Ames,FOU-EN-10003792
Safco,MOB-BI-10000305
Motorola,PRO-TÉ-10001825
StarTech,PRO-MA-10003466
Wilson,FOU-CL-10001076
Stockwell,FOU-ÉL-10002460
Eaton,FOU-PA-10002342
Epson,PRO-MA-10004087
Eldon,MOB-ME-10003391
Hoover,FOU-ÉL-10003965
Ames,FOU-EN-10003506
Harbour,FOU-ÉT-10001871
Samsung,PRO-TÉ-10001888
Green,FOU-PA-10003282
Boston,FOU-AR-10001734
Samsung,PRO-TÉ-10001202
OIC,FOU-ÉL-10004575
Rogers,FOU-ST-10000376
Canon,PRO-PH-10000429
Belkin,PRO-AC-10004996
Enermax,PRO-AC-10003389
Enermax,FOU-PA-10004130
Epson,PRO-MA-10003543
Brother,PRO-PH-10000752
Smead,FOU-ST-10000401
Office,MOB-CH-10002323
Kraft,FOU-EN-10003316
Boston,FOU-AR-10001493
Accos,FOU-ÉL-10002467
Rogers,FOU-ST-10001099
Cardinal,FOU-CL-10000504
Harbour,FOU-ÉT-10003699
Bush,MOB-BI-10001439
Harbour,FOU-ÉT-10000581
Rubvermaid,MOB-ME-10000535
Breville,FOU-ÉL-10003427
Xerox,FOU-PA-10000414
Kleencut,FOU-FO-10002858
Epson,PRO-MA-10002582
Fellowes,FOU-ST-10000993
Enermax,FOU-PA-10003469
Advantus,MOB-ME-10004572
Elite,FOU-FO-10004526
Acme,FOU-FO-10000079
Harbour,FOU-ÉT-10004015
KitchenAid,FOU-ÉL-10002818
Ibico,FOU-CL-10000042
Wilson,FOU-CL-10002720
Advantus,FOU-ÉL-10003041
Cameo,FOU-EN-10004018
Epson,PRO-MA-10000572
HP,PRO-PH-10002624
Cisco,PRO-TÉ-10004081
Binney,FOU-AR-10001026
Canon,PRO-PH-10003528
Cisco,PRO-TÉ-10004936
BIC,FOU-AR-10000930
Cisco,PRO-TÉ-10004627
Smead,FOU-ÉT-10001584
Accos,FOU-ÉL-10001378
Sharp,PRO-PH-10001937
Green,FOU-PA-10004905
SanDisk,PRO-AC-10002327
Harbour,FOU-ÉT-10002998
Ames,FOU-EN-10000066
Hewlett,PRO-PH-10001318
Panasonic,PRO-MA-10003806
Tenex,FOU-ST-10003782
Nokia,PRO-TÉ-10002471
Elite,FOU-FO-10003603
Ibico,FOU-CL-10000812
Harbour,FOU-ÉT-10004641
SAFCO,MOB-CH-10000100
Stiletto,FOU-FO-10004761
Sauder,MOB-BI-10001359
Barricks,MOB-TA-10003360
Cuisinart,FOU-ÉL-10002990
Tenex,FOU-ST-10001588
Kraft,FOU-EN-10002205
Nokia,PRO-TÉ-10004561
Avery,FOU-ÉT-10004943
Eaton,FOU-PA-10002434
Ikea,MOB-BI-10000315
Apple,PRO-TÉ-10004925
SanDisk,FOU-PA-10002691
Lesro,MOB-TA-10001566
Cuisinart,FOU-ÉL-10001406
Cuisinart,FOU-ÉL-10001306
Nokia,PRO-TÉ-10003243
Wilson,FOU-CL-10004744
Dania,MOB-BI-10004368
Brother,PRO-PH-10000169
Hon,FOU-ÉT-10000238
Samsung,PRO-TÉ-10000278
Sauder,MOB-BI-10004706
Eldon,MOB-ME-10000678
Apple,PRO-TÉ-10003808
Stockwell,FOU-ÉL-10003491
Acme,FOU-FO-10000057
Hoover,FOU-ÉL-10000935
HP,PRO-PH-10003504
Cardinal,FOU-CL-10002252
Stanley,FOU-AR-10002710
Enermax,PRO-AC-10004327
OIC,FOU-ÉL-10001773
Stiletto,FOU-FO-10002546
Konica,PRO-MA-10004811
HP,PRO-PH-10000072
Konica,PRO-MA-10003378
Sanford,FOU-AR-10004693
Smead,FOU-ST-10000723
BIC,FOU-AR-10004380
HP,PRO-PH-10004991
Enermax,FOU-PA-10000988
Binney,FOU-AR-10001991
Ames,FOU-EN-10004336
Epson,PRO-MA-10004955
Ames,FOU-EN-10003393
Acco,FOU-CL-10001907
Kraft,FOU-EN-10002007
Jiffy,FOU-EN-10004738
Fiskars,FOU-FO-10002716
Ikea,MOB-BI-10004462
Cardinal,FOU-CL-10003330
Kraft,FOU-EN-10000211
Memorex,PRO-AC-10001971
OIC,FOU-ÉL-10004056
Wilson,FOU-CL-10002891
Brother,PRO-PH-10000602
Dania,MOB-BI-10001068
SAFCO,MOB-CH-10000059
Hewlett,PRO-PH-10004854
Logitech,PRO-AC-10002330
SAFCO,MOB-CH-10002151
Acco,FOU-CL-10004434
Hewlett,PRO-PH-10002618
Cardinal,FOU-CL-10002471
Sharp,PRO-PH-10001725
Hon,MOB-CH-10003545
Breville,FOU-ÉL-10002318
StarTech,PRO-MA-10001488
HP,PRO-PH-10002769
Canon,PRO-PH-10004952
Stockwell,FOU-ÉL-10004090
Enermax,FOU-PA-10002035
Avery,FOU-CL-10002841
Motorola,PRO-TÉ-10004994
Novimex,FOU-ÉT-10001134
Lesro,MOB-TA-10002546
Xerox,FOU-PA-10004345
Motorola,PRO-TÉ-10001199
Logitech,PRO-AC-10003188
Enermax,PRO-AC-10003932
Canon,PRO-PH-10001844
Cardinal,FOU-CL-10001906
Hamilton,FOU-ÉL-10004619
KitchenAid,FOU-ÉL-10003202
Logitech,PRO-AC-10003352
SanDisk,PRO-AC-10004735
Office,MOB-CH-10003947
Konica,PRO-MA-10000897
Nokia,PRO-TÉ-10003153
Bush,MOB-BI-10000868
Advantus,FOU-ÉL-10001831
Samsung,PRO-TÉ-10002632
Office,MOB-CH-10004184
Konica,PRO-MA-10002259
Rubvermaid,MOB-ME-10002259
Memorex,PRO-AC-10000158
HP,PRO-PH-10000362
Rogers,FOU-ST-10002408
Eaton,FOU-PA-10002961
HP,PRO-PH-10000319
Kraft,FOU-EN-10003945
Apple,PRO-TÉ-10001898
Harbour,MOB-CH-10000552
Apple,PRO-TÉ-10001895
Bush,MOB-BI-10000076
Novimex,FOU-ÉT-10002698
Office,MOB-CH-10000050
Avery,FOU-ÉT-10001794
Safco,MOB-BI-10000604
Canon,PRO-PH-10003415
Apple,PRO-TÉ-10004399
Eldon,MOB-ME-10002594
Hon,MOB-CH-10002508
Enermax,PRO-AC-10001501
GlobeWeis,FOU-EN-10004602
Stockwell,FOU-ÉL-10002430
Harbour,MOB-CH-10003411
Cardinal,FOU-CL-10002137
Barricks,MOB-TA-10001787
Eldon,MOB-ME-10001777
Boston,FOU-AR-10002644
Nokia,PRO-TÉ-10002702
Hoover,FOU-ÉL-10001748
Acme,FOU-FO-10000879
Ibico,FOU-CL-10002676
Stockwell,FOU-ÉL-10001969
StarTech,PRO-MA-10004583
Hon,FOU-ÉT-10001917
Bush,MOB-BI-10000434
Fellowes,FOU-ST-10004540
Xerox,FOU-PA-10002977
Elite,FOU-FO-10002942
Epson,PRO-MA-10004488
KitchenAid,FOU-ÉL-10004884
Kraft,FOU-EN-10000823
Cisco,PRO-TÉ-10002467
Harbour,MOB-CH-10000791
Boston,FOU-AR-10001319
KitchenAid,FOU-ÉL-10002932
Enermax,FOU-PA-10000938
Wilson,FOU-CL-10001849
SAFCO,MOB-CH-10002907
Acco,FOU-CL-10004987
Hewlett,PRO-PH-10004101
Harbour,MOB-CH-10000116
Sanford,FOU-AR-10001329
Sauder,MOB-BI-10000015
Safco,MOB-BI-10002573
Cuisinart,FOU-ÉL-10000441
Samsung,PRO-TÉ-10002636
Lesro,MOB-TA-10002084
Kleencut,FOU-FO-10004023
Sharp,PRO-PH-10000489
Smead,FOU-ÉT-10000702
Brother,PRO-PH-10003892
KitchenAid,FOU-ÉL-10002806
Sharp,PRO-PH-10001278
Belkin,PRO-AC-10000343
Fiskars,FOU-FO-10003450
SanDisk,PRO-AC-10001007
Cameo,FOU-EN-10004899
BIC,FOU-AR-10003967
Acme,FOU-FO-10002496
Wilson,FOU-CL-10002809
Avery,FOU-ÉT-10003412
Panasonic,PRO-MA-10003033
Green,FOU-PA-10001330
Novimex,FOU-ÉT-10003705
Cameo,FOU-EN-10003280
Cisco,PRO-TÉ-10004169
Rubvermaid,MOB-ME-10003962
Ibico,FOU-CL-10002674
Rogers,FOU-ST-10004651
GlobeWeis,FOU-EN-10004084
Tenex,FOU-ST-10002968
Dania,MOB-BI-10004122
Safco,MOB-BI-10000612
Fellowes,FOU-ST-10003652
Fellowes,FOU-ST-10002960
Memorex,PRO-AC-10003476
Tenex,MOB-ME-10003047
Smead,FOU-ST-10002953
Stockwell,FOU-ÉL-10003671
Eaton,FOU-PA-10004764
Belkin,PRO-AC-10000749
Kraft,FOU-EN-10003108
Breville,FOU-ÉL-10001991
Nokia,PRO-TÉ-10000296
Motorola,PRO-TÉ-10004823
Jiffy,FOU-EN-10004660
Eldon,MOB-ME-10002485
Wilson,FOU-CL-10002834
KitchenAid,FOU-ÉL-10003716
Enermax,PRO-AC-10003239
Accos,FOU-ÉL-10001496
Lesro,MOB-TA-10003378
Kraft,FOU-EN-10000375
Cisco,PRO-TÉ-10003450
Tenex,FOU-ST-10002754
Eaton,FOU-PA-10001500
Rubvermaid,MOB-ME-10003231
Breville,FOU-ÉL-10003046
Sanford,FOU-AR-10003356
Nokia,PRO-TÉ-10002970
Kraft,FOU-EN-10003268
Acme,FOU-FO-10004832
Office,MOB-CH-10001106
Fiskars,FOU-FO-10002665
Breville,FOU-ÉL-10004345
Konica,PRO-MA-10000645
Cameo,FOU-EN-10004970
Eaton,FOU-PA-10001501
Avery,FOU-ÉT-10003314
Ibico,FOU-CL-10002989
SanDisk,FOU-PA-10003703
Stanley,FOU-AR-10000080
Wilson,FOU-CL-10000290
Tenex,FOU-ST-10004768
Eaton,FOU-PA-10002091
Epson,PRO-MA-10001292
Samsung,PRO-TÉ-10000372
Sanford,FOU-AR-10000240
Sauder,MOB-BI-10002183
Rogers,FOU-ST-10001084
Apple,PRO-TÉ-10002097
Green,FOU-PA-10001135
Wilson,FOU-CL-10001723
Stanley,FOU-AR-10002093
Novimex,MOB-CH-10001339
Hon,FOU-ÉT-10000662
Bevis,MOB-TA-10003764
Stockwell,FOU-ÉL-10002829
HP,PRO-PH-10001315
Hoover,FOU-ÉL-10001451
Rubvermaid,MOB-ME-10004896
Sharp,PRO-PH-10003099
GlobeWeis,FOU-EN-10004966
Tenex,MOB-ME-10004425
Sanford,FOU-AR-10000102
Barricks,MOB-TA-10004326
Cameo,FOU-EN-10002729
SanDisk,FOU-PA-10002253
GlobeWeis,FOU-EN-10003066
Memorex,PRO-AC-10004035
Ames,FOU-EN-10000109
Deflect-O,MOB-ME-10000007
Nokia,PRO-TÉ-10000943
Accos,FOU-ÉL-10001784
Jiffy,FOU-EN-10001351
Hewlett,PRO-PH-10000815
Sauder,MOB-BI-10000930
Logitech,PRO-AC-10002502
KitchenAid,FOU-ÉL-10002787
Dania,MOB-BI-10002555
Hon,MOB-CH-10003469
Hoover,FOU-ÉL-10001768
Belkin,PRO-AC-10003869
Ibico,FOU-CL-10004896
Acco,FOU-CL-10002918
StarTech,PRO-MA-10000085
Fiskars,FOU-FO-10002990
Cameo,FOU-EN-10002197
Advantus,MOB-ME-10000933
Ibico,FOU-CL-10004026
Apple,PRO-TÉ-10004482
Konica,PRO-MA-10003029
Cisco,PRO-TÉ-10003284
Enermax,FOU-PA-10002426
Avery,FOU-ÉT-10004472
Samsung,PRO-TÉ-10003500
Acco,FOU-CL-10002478
Rogers,FOU-ST-10000592
Rogers,FOU-ST-10000763
Fiskars,FOU-FO-10003542
SAFCO,MOB-CH-10003951
Advantus,FOU-ÉL-10000332
Kleencut,FOU-FO-10002854
Hon,MOB-CH-10001735
Binney,FOU-AR-10003182
Ames,FOU-EN-10000638
Safco,MOB-BI-10002677
Fiskars,FOU-FO-10000620
Acme,FOU-FO-10001940
Panasonic,PRO-MA-10004314
Eldon,MOB-ME-10000755
Tenex,MOB-ME-10001954
Epson,PRO-MA-10003430
Acco,FOU-CL-10001585
Sharp,PRO-PH-10002835
Harbour,FOU-ÉT-10000068
Enermax,PRO-AC-10000454
Novimex,MOB-CH-10002579
Apple,PRO-TÉ-10003740
Hoover,FOU-ÉL-10003624
Hewlett,PRO-PH-10004037
Lesro,MOB-TA-10003620
Smead,FOU-ST-10002747
Nokia,PRO-TÉ-10001121
Cisco,PRO-TÉ-10004058
Stiletto,FOU-FO-10000900
StarTech,PRO-MA-10002756
Eldon,FOU-ST-10004093
Kleencut,FOU-FO-10003131
Hamilton,FOU-ÉL-10001534
Advantus,MOB-ME-10004460
Green,FOU-PA-10002790
Belkin,PRO-AC-10004582
Samsung,PRO-TÉ-10001501
Advantus,FOU-ÉL-10004910
Acme,FOU-FO-10000077
Rogers,FOU-ST-10004544
Ikea,MOB-BI-10003147
Epson,PRO-MA-10003119
Logitech,PRO-AC-10003314
Kraft,FOU-EN-10004552
Sauder,MOB-BI-10003309
Sauder,MOB-BI-10001052
Safco,MOB-BI-10000879
Advantus,FOU-ÉL-10001255
Hon,FOU-ÉT-10001117
Fiskars,FOU-FO-10002466
Acme,FOU-FO-10001859
Brother,PRO-PH-10001611
Stockwell,FOU-ÉL-10001134
Smead,FOU-ÉT-10004306
Eaton,FOU-PA-10004198
Epson,PRO-MA-10001819
Office,MOB-CH-10002580
Harbour,MOB-CH-10000385
Acco,FOU-CL-10001959
Xerox,FOU-PA-10002188
Hewlett,PRO-PH-10000049
Smead,FOU-ÉT-10000800
Advantus,MOB-ME-10003686
Tenex,MOB-ME-10004536
Sauder,MOB-BI-10001302
Motorola,PRO-TÉ-10002404
Harbour,MOB-CH-10000026
Nokia,PRO-TÉ-10001608
Hewlett,PRO-PH-10000405
StarTech,PRO-MA-10004042
Enermax,PRO-AC-10003868
Acme,FOU-FO-10003084
Stockwell,FOU-ÉL-10000563
Boston,FOU-AR-10002101
Stockwell,FOU-ÉL-10004096
Cameo,FOU-EN-10002073
Canon,PRO-PH-10000245
Dania,MOB-BI-10000517
Cuisinart,FOU-ÉL-10002003
Eldon,FOU-ST-10004235
OIC,FOU-ÉL-10003957
GlobeWeis,FOU-EN-10001274
Canon,PRO-PH-10003379
Green,FOU-PA-10004409
Belkin,PRO-AC-10004973
Cuisinart,FOU-ÉL-10003630
Brother,PRO-PH-10001873
Elite,FOU-FO-10000540
Novimex,MOB-CH-10003982
Sanford,FOU-AR-10002732
Rogers,FOU-ST-10003984
Hewlett,PRO-PH-10001577
Tenex,MOB-ME-10001995
Cardinal,FOU-CL-10002440
Fellowes,FOU-ST-10003149
Hon,FOU-ÉT-10002399
Stockwell,FOU-ÉL-10000481
SanDisk,PRO-AC-10000387
Hon,MOB-TA-10004587
Fellowes,FOU-ST-10004128
Stockwell,FOU-ÉL-10003874
Enermax,PRO-AC-10002958
Stockwell,FOU-ÉL-10002325
Office,MOB-CH-10000887
Harbour,FOU-ÉT-10001157
Xerox,FOU-PA-10002004
Rogers,FOU-ST-10001418
Acme,FOU-FO-10002955
Cardinal,FOU-CL-10003671
Advantus,MOB-ME-10002352
Stanley,FOU-AR-10000028
Konica,PRO-MA-10002294
Fellowes,FOU-ST-10003978
Tenex,FOU-ST-10001540
Stanley,FOU-AR-10004371
Jiffy,FOU-EN-10002574
Acco,FOU-CL-10001663
Stiletto,FOU-FO-10001929
Safco,MOB-BI-10004214
Accos,FOU-ÉL-10003417
Enermax,FOU-PA-10002080
Konica,PRO-MA-10004691
Logitech,PRO-AC-10003725
Samsung,PRO-TÉ-10004929
Ames,FOU-EN-10003048
Kleencut,FOU-FO-10003069
Advantus,MOB-ME-10004495
Fiskars,FOU-FO-10002406
SanDisk,PRO-AC-10003796
Tenex,FOU-ST-10002845
Tenex,FOU-ST-10003925
Bevis,MOB-TA-10002332
Enermax,PRO-AC-10003987
Safco,MOB-BI-10004790
Ames,FOU-EN-10001315
Hon,MOB-CH-10002264
Panasonic,PRO-MA-10003310
Logitech,PRO-AC-10004959
SAFCO,MOB-CH-10000379
Office,MOB-CH-10001384
Sauder,MOB-BI-10004943
Eaton,FOU-PA-10002173
Motorola,PRO-TÉ-10000355
Sanford,FOU-AR-10002892
Hon,MOB-CH-10001062
Sharp,PRO-PH-10003112
Belkin,PRO-AC-10003166
